Part Number,Type,Bore (d) mm,OD (D) mm,Width (T) mm,Weight (kg),C Load,C0 Load,Max RPM,Price (GBP),Price (INR),Price (USD)
323396XS/323549XC,C,396.875,549.275,85,56,23545,16950,1200,N/A,N/A,N/A
307506/307636C,C,506,636,80,56,24760,17060,1000,N/A,N/A,N/A
307506/307636,Plain,506,636,80,55,24760,17060,1000,N/A,N/A,N/A
380330X/380482XC,C,330.2,482.6,85.72,50.5,27265,17140,1400,N/A,N/A,N/A
380330X/380482X,Plain,330.2,482.6,85.72,49.5,27265,17140,1400,43707.41,8741482,55508.41
323406XS/323549XC,C,406.4,549.275,85,47.97,23545,16950,1200,N/A,N/A,N/A
323406XS/323549X,Plain,406.4,549.275,85,46.5,23545,16950,1200,48181.94,9636388,61191.06
300457X/300596XC,C,457.2,596.9,80,46,23805,14950,1100,N/A,N/A,N/A
300457X/300596X,Plain,457.2,596.9,80,45,23805,14950,1100,49534.77,9906954,62909.15
303371X/303508XCS,Plain,371.475,508,80,45,21150,11340,1300,N/A,N/A,N/A
303381X/303508XC,C,381,508,80,38,21150,11340,1300,N/A,N/A,N/A
303381X/303508X,Plain,381,508,80,36.8,21150,11340,1300,34124.71,6824942,43338.37
320275/320406XC,C,275,406.4,78,32.54,19660,10400,1600,N/A,N/A,N/A
320275/320406X,Plain,275,406.4,78,31.71,19660,10400,1600,32828.97,6565794,41692.79
320280X/320406XC,C,280.194,406.4,78,31.16,19660,10400,1600,N/A,N/A,N/A
320280X/320406X,Plain,280.194,406.4,78,30.33,19660,10400,1600,32828.97,6565794,41692.79
282355X/282482XC,C,355.6,482.6,60.32,26.2,13925,13240,1400,N/A,N/A,N/A
282355X/282482X,Plain,355.6,482.6,60.32,25.5,13925,13240,1400,43831.12,8766224,55665.52
382254X/382400XC,C,254,400.05,57.15,24.86,14105,7230,1700,N/A,N/A,N/A
382254X/382400X,Plain,254,400.05,57.15,24.1,14105,7230,1700,33007.17,6601434,41919.11
284215X/284355XC,C,215.9,355.6,68.26,22.9,13910,9295,1900,N/A,N/A,N/A
284228X/284355XC,C,228.6,355.6,68.26,22.9,13910,9295,1900,N/A,N/A,N/A
284215X/284355X,Plain,215.9,355.6,68.26,22.4,13910,9295,1900,N/A,N/A,N/A
284228X/284355X,Plain,228.6,355.6,68.26,22.4,13910,9295,1900,N/A,N/A,N/A
284234X/284355XC,C,234.95,355.6,68.26,21.66,13910,9295,1900,N/A,N/A,N/A
284234X/284355X,Plain,234.95,355.6,68.26,21.16,13910,9295,1900,16971.39,3394278,21553.68
232431X/232533XC,C,431.8,533.4,50.8,20.8,12170,8365,1200,N/A,N/A,N/A
232431X/232533X,Plain,431.8,533.4,50.8,20,12170,8365,1200,47375.14,9475028,60166.43
283203X/283317XC,C,203.2,317.5,63.5,17.34,12875,7715,2100,N/A,N/A,N/A
283203X/283317X,Plain,203.2,317.5,63.5,16.84,12875,7715,2100,15165.87,3033174,19260.65
283210/283317XC,C,210,317.5,63.5,16.04,12875,7715,2100,N/A,N/A,N/A
283203X/283310C,C,203.2,310,63.5,15.9,12875,7715,2100,15513.2,3102640,19701.77
283210/283317X,Plain,210,317.5,63.5,15.54,12875,7715,2100,15165.87,3033174,19260.65
283203X/283310,Plain,203.2,310,63.5,15.5,12875,7715,2100,15165.87,3033174,19260.65
280177X/280288XC,C,177.8,288.925,63.5,15,12105,6580,2300,N/A,N/A,N/A
280177X/280288X,Plain,177.8,288.925,63.5,14.6,12105,6580,2300,N/A,N/A,N/A
283210/283310C,C,210,310,63.5,14.6,12875,7715,2100,15513.2,3102640,19701.77
152338X/152419X,Plain,338.138,419.1,36.5,14.4,6140,3815,1500,N/A,N/A,N/A
283210/283310,Plain,210,310,63.5,14.2,12875,7715,2100,15165.87,3033174,19260.65
152338X/152419X,Plain,338.138,419.1,36.5,14.2,6140,3815,1500,N/A,N/A,N/A
244230/244330C,C,230,330,52.4,13,9115,6460,1900,12387.43,2477486,15732.04
244230/244330,Plain,230,330,52.4,12.5,9115,6460,1900,12155.84,2431168,15437.92
281152X/281254XC,C,152.4,254,66.67,12.13,10920,5280,2600,N/A,N/A,N/A
281152X/281266XC,C,152.4,266.7,66.67,12.13,10920,5280,2600,N/A,N/A,N/A
281155X/281254XC,C,155.575,254,66.67,12.13,10920,5280,2600,N/A,N/A,N/A
281155X/281266XC,C,155.575,266.7,66.67,12.13,10920,5280,2600,N/A,N/A,N/A
244234X/244330C,C,234.95,330,52.4,12.1,9115,6460,1900,12387.43,2477486,15732.04
244234X/244330,Plain,234.95,330,52.4,11.95,9115,6460,1900,12155.84,2431168,15437.92
244230/244327XC,C,230,327.025,52.4,11.9,9115,6460,1900,N/A,N/A,N/A
281152X/281254X,Plain,152.4,254,66.67,11.765,10920,5280,2600,5950.99,1190198,7557.76
281152X/281266X,Plain,152.4,266.7,66.67,11.765,10920,5280,2600,N/A,N/A,N/A
281155X/281254X,Plain,155.575,254,66.67,11.765,10920,5280,2600,N/A,N/A,N/A
281155X/281266X,Plain,155.575,266.7,66.67,11.765,10920,5280,2600,N/A,N/A,N/A
244230/244327X,Plain,230,327.025,52.4,11.65,9115,6460,1900,12155.84,2431168,15437.92
244234X/244327XC,C,234.95,327.025,52.4,11.1,9115,6460,1900,N/A,N/A,N/A
244234X/244327X,Plain,234.95,327.025,52.4,10.8,9115,6460,1900,12155.84,2431168,15437.92
240139X/240241XC,C,139.7,241.3,57.15,10.05,8385,4060,2900,N/A,N/A,N/A
240139X/240241X,Plain,139.7,241.3,57.15,9.74,8385,4060,2900,3726.24,745248,4732.32
240149X/240241X,Plain,149.225,241.3,57.15,9.74,8385,4060,2900,3726.24,745248,4732.32
240145/240241XC,C,145,241.3,57.15,9.51,8385,4060,2900,N/A,N/A,N/A
240149X/240241XC,C,149.225,241.3,57.15,9.51,8385,4060,2900,N/A,N/A,N/A
242190X/242282XC,C,190.5,282.575,50.8,9.35,8000,4645,2300,N/A,N/A,N/A
240145/240241X,Plain,145,241.3,57.15,9.2,8385,4060,2900,3726.24,745248,4732.32
206190X/206290C,C,190.5,290,47,9.1,7795,5360,2200,4982.47,996494,6327.74
206210/206290C,C,210,290,47,9.1,7795,5360,2200,4827.14,965428,6130.47
242190X/242282X,Plain,190.5,282.575,50.8,9,8000,4645,2300,5644.94,1128988,7169.07
206190X/206290,Plain,190.5,290,47,8,7795,5360,2200,4307.39,861478,5470.39
206210/206290,Plain,210,290,47,8,7795,5360,2200,4307.39,861478,5470.39
186165X/186254XC,C,165.1,254,46.03,7.35,6155,4460,2600,N/A,N/A,N/A
186170/186254XC,C,170,254,46.03,7.35,6155,4460,2600,N/A,N/A,N/A
186177X/186254XC,C,177.8,254,46.03,7.35,6155,4460,2600,N/A,N/A,N/A
204190/204266XC,C,190,266.7,47.62,7.2,7440,4695,2400,N/A,N/A,N/A
204190X/204266XC,C,190.5,266.7,47.62,7.2,7440,4695,2400,N/A,N/A,N/A
186165X/186254X,Plain,165.1,254,46.03,7.1,6155,4460,2600,N/A,N/A,N/A
186170/186254X,Plain,170,254,46.03,7.1,6155,4460,2600,6655.33,1331066,8452.27
186177X/186254X,Plain,177.8,254,46.03,7.1,6155,4460,2600,N/A,N/A,N/A
203145/203256C,C,145,256,47.63,7.01,6725,3605,2700,N/A,N/A,N/A
203156/203235C,C,156,235,47.62,7.01,6725,3605,2700,2819.87,563974,3581.24
204190/204266X,Plain,190,266.7,47.62,7,7440,4695,2400,N/A,N/A,N/A
204190X/204266X,Plain,190.5,266.7,47.62,7,7440,4695,2400,N/A,N/A,N/A
203145/203235,Plain,145,256,47.62,6.82,6725,3605,2700,2676.72,535344,3399.43
203156/203235,Plain,156,235,47.62,6.82,6725,3605,2700,2676.72,535344,3399.43
200127X/200215XC,C,127,215.9,47.62,6.58,6125,2965,3100,N/A,N/A,N/A
200127X/200215,Plain,127,215,47.62,6.4,6125,2965,3100,N/A,N/A,N/A
200127X/200215X,Plain,127,215.9,47.62,6.4,6125,2965,3100,2660.53,532106,3378.87
200133X/200215,Plain,133.35,215,47.62,6.4,6125,2965,3100,N/A,N/A,N/A
200136X/200215,Plain,136.525,215,47.62,6.4,6125,2965,3100,N/A,N/A,N/A
200139X/200215,Plain,139.7,215,47.62,6.4,6125,2965,3100,N/A,N/A,N/A
200139X/200215X,Plain,139.7,215.9,47.62,6.4,6125,2965,3100,N/A,N/A,N/A
200127X/200215C,C,127,215,47.63,6.055,6125,2965,3100,N/A,N/A,N/A
200133X/200215C,C,133.35,215,47.63,6.055,6125,2965,3100,N/A,N/A,N/A
200133X/200215XC,C,133.35,215.9,47.62,6.055,6125,2965,3100,N/A,N/A,N/A
200136X/200215C,C,136.525,215,47.63,6.055,6125,2965,3100,N/A,N/A,N/A
200139X/200215C,C,139.7,215,47.63,6.055,6125,2965,3100,N/A,N/A,N/A
200139X/200215XC,C,139.7,215.9,47.63,6.055,6125,2965,3100,N/A,N/A,N/A
200133X/200215X,Plain,133.35,215.9,47.62,5.875,6125,2965,3100,2611.15,522230,3316.16
200136X/200215XC,C,136.525,215.9,47.62,5.795,6125,2965,3100,N/A,N/A,N/A
200136X/200215X,Plain,136.525,215.9,47.62,5.615,6125,2965,3100,2639.44,527888,3352.09
187185/187258C,C,185,258,46,5.4,6300,4760,2500,9294.02,1858804,11803.41
183152X/183222XC,C,152.4,222.25,46.82,5.31,5605,3575,3000,N/A,N/A,N/A
187185/187258,Plain,185,258,46,5.3,6300,4760,2500,9085.01,1817002,11537.97
183152X/183222X,Plain,152.4,222.25,46.82,5.1,5605,3575,3000,2640.25,528050,3353.12
180100/180170C,C,100,170,47.63,5.02,4645,2240,3900,1654.07,330814,2100.67
180100/180180XC,C,100,180.975,47.63,5.02,4645,2240,3900,N/A,N/A,N/A
180100/180190C,C,100,190,47.62,5.02,4645,2240,3900,N/A,N/A,N/A
180101X/180170C,C,101.6,170,47.63,5.02,4645,2240,3900,1654.07,330814,2100.67
180101X/180180C,C,101.6,180,47.63,5.02,4645,2240,3900,1854.17,370834,2354.79
180105/180170C,C,105,170,47.63,5.02,4645,2240,3900,1833.54,366708,2328.59
180105/180180C,C,105,180,47.63,5.02,4645,2240,3900,N/A,N/A,N/A
180101X/180190C,C,101.6,190,47.62,5,4645,2240,3900,N/A,N/A,N/A
180100/180170,Plain,100,170,47.62,4.9,4645,2240,3900,1618.21,323642,2055.13
180100/180180X,Plain,100,180.975,47.62,4.9,4645,2240,3900,1792.18,358436,2276.07
180100/180190,Plain,100,190,47.62,4.9,4645,2240,3900,N/A,N/A,N/A
180101X/180170,Plain,101.6,170,47.62,4.9,4645,2240,3900,1618.21,323642,2055.13
180101X/180180,Plain,101.6,180,47.62,4.9,4645,2240,3900,1826.55,365310,2319.72
180105/180170,Plain,105,170,47.62,4.9,4645,2240,3900,1812.81,362562,2302.27
180105/180180,Plain,105,180,47.62,4.9,4645,2240,3900,N/A,N/A,N/A
180101X/180190,Plain,101.6,190,47.62,4.88,4645,2240,3900,N/A,N/A,N/A
181111X/181190XC,C,111.125,190.5,47.62,4.85,4810,2495,3600,N/A,N/A,N/A
181111X/181190C,C,111.125,190,47.62,4.78,4810,2495,3600,1884.47,376894,2393.27
163150/163210C,C,150,210,38,4.78,4710,3185,3000,8185.17,1637034,10395.17
180105/180190C,C,105,190,47.62,4.77,4645,2240,3900,N/A,N/A,N/A
181111X/181190X,Plain,111.125,190.5,47.62,4.67,4810,2495,3600,N/A,N/A,N/A
180101X/180180XC,C,101.6,180.975,47.62,4.67,4645,2240,3900,N/A,N/A,N/A
180105/180190,Plain,105,190,47.62,4.65,4645,2240,3900,N/A,N/A,N/A
181111X/181190,Plain,111.125,190,47.62,4.63,4810,2495,3600,1919.59,383918,2437.88
181111X/181200X,Plain,111.125,200.025,47.62,4.63,4810,2495,3600,N/A,N/A,N/A
181115/181200X,Plain,115,200.025,47.62,4.63,4810,2495,3600,N/A,N/A,N/A
181118/181200X,Plain,118,200.025,47.62,4.63,4810,2495,3600,N/A,N/A,N/A
180100/180180C,C,100,180,47.62,4.625,4645,2240,3900,N/A,N/A,N/A
181115/181190XC,C,115,190.5,47.62,4.595,4810,2495,3600,N/A,N/A,N/A
180101X/180180X,Plain,101.6,180.975,47.62,4.55,4645,2240,3900,N/A,N/A,N/A
181115/181190C,C,115,190,47.62,4.53,4810,2495,3600,N/A,N/A,N/A
180100/180180,Plain,100,180,47.62,4.505,4645,2240,3900,N/A,N/A,N/A
180105/180180XC,C,105,180.975,47.62,4.44,4645,2240,3900,N/A,N/A,N/A
181115/181190X,Plain,115,190.5,47.62,4.42,4810,2495,3600,1870.21,374042,2375.16
181115/181190,Plain,115,190,47.62,4.38,4810,2495,3600,N/A,N/A,N/A
180105/180180X,Plain,105,180.975,47.62,4.32,4645,2240,3900,1812.89,362578,2302.37
181118/181190XC,C,118,190.5,47.62,4.29,4810,2495,3600,N/A,N/A,N/A
181118/181190C,C,118,190,47.62,4.23,4810,2495,3600,N/A,N/A,N/A
184120/184190C,C,120,190,47.62,4.22,4955,2695,3500,1601.35,320270,2033.71
184120/184190XC,C,120,190.5,47.63,4.22,4955,2695,3500,N/A,N/A,N/A
184120/184199C,C,120,199,47.63,4.22,4955,2695,3500,N/A,N/A,N/A
184120/184200C,C,120,200,47.63,4.22,4955,2695,3500,N/A,N/A,N/A
141101X/141165XC,C,101.6,165.1,36.52,4.15,3345,1990,3900,N/A,N/A,N/A
141107X/141165XC,C,107.95,165.1,36.52,4.15,3345,1990,3900,N/A,N/A,N/A
181118/181190X,Plain,118,190.5,47.62,4.12,4810,2495,3600,1919.59,383918,2437.88
181118/181190,Plain,118,190,47.62,4.08,4810,2495,3600,N/A,N/A,N/A
181111X/181180XC,C,111.125,180.975,47.62,4.08,4810,2495,3600,N/A,N/A,N/A
181111X/181200XC,C,111.125,200.025,47.63,4.08,4810,2495,3600,N/A,N/A,N/A
181115/181200XC,C,115,200.025,47.63,4.08,4810,2495,3600,N/A,N/A,N/A
181118/181200XC,C,118,200.025,47.63,4.08,4810,2495,3600,N/A,N/A,N/A
184120/184190,Plain,120,190,47.62,4.05,4955,2695,3500,1589.47,317894,2018.62
184120/184190X,Plain,120,190.5,47.62,4.05,4955,2695,3500,N/A,N/A,N/A
184120/184199,Plain,120,199,47.62,4.05,4955,2695,3500,N/A,N/A,N/A
184120/184200,Plain,120,200,47.62,4.05,4955,2695,3500,N/A,N/A,N/A
161140/161200C,C,140,200,38.15,4.05,4565,2940,3100,3939.25,787850,5002.86
161140/161200XC,C,140,200.025,38.15,4.05,4565,2940,3100,N/A,N/A,N/A
161142X/161200C,C,142.875,200,38.15,4.05,4565,2940,3100,N/A,N/A,N/A
161142X/161200XC,C,142.875,200.025,38.15,4.05,4565,2940,3100,N/A,N/A,N/A
181111X/181180X,Plain,111.125,180.975,47.62,3.95,4810,2495,3600,1898.35,379670,2410.9
210085/210170C,C,85,170,45.5,3.95,5460,2630,4200,1825.58,365116,2318.49
210090/210170C,C,90,170,45.5,3.95,5460,2630,4200,N/A,N/A,N/A
210095/210170C,C,95,170,45.5,3.95,5460,2630,4200,1825.58,365116,2318.49
141101X/141165X,Plain,101.6,165.1,36.52,3.9,3345,1990,3900,N/A,N/A,N/A
141107X/141165X,Plain,107.95,165.1,36.52,3.9,3345,1990,3900,1644.41,328882,2088.41
164127X/164196XC,C,127,196.85,37.93,3.9,4445,2735,3400,N/A,N/A,N/A
164127X/164200XC,C,127,200.025,37.93,3.9,4445,2735,3400,N/A,N/A,N/A
164133X/164196XC,C,133.35,196.85,37.93,3.9,4445,2735,3400,N/A,N/A,N/A
164133X/164200XC,C,133.35,200.025,37.93,3.9,4445,2735,3400,N/A,N/A,N/A
210085/210170,Plain,85,170,45.5,3.85,5460,2630,4200,1666.09,333218,2115.94
210090/210170,Plain,90,170,45.5,3.85,5460,2630,4200,N/A,N/A,N/A
210095/210170,Plain,95,170,45.5,3.85,5460,2630,4200,1666.09,333218,2115.94
181115/181180XC,C,115,180.975,47.62,3.83,4810,2495,3600,N/A,N/A,N/A
181115/181180X,Plain,115,180.975,47.62,3.7,4810,2495,3600,1849.12,369824,2348.39
164127X/164196X,Plain,127,196.85,37.93,3.7,4445,2735,3400,N/A,N/A,N/A
164127X/164200X,Plain,127,200.025,37.93,3.7,4445,2735,3400,N/A,N/A,N/A
164133X/164196X,Plain,133.35,196.85,37.93,3.7,4445,2735,3400,1973.72,394744,2506.62
164133X/164200X,Plain,133.35,200.025,37.93,3.7,4445,2735,3400,N/A,N/A,N/A
181118/181180XC,C,118,180.975,47.62,3.62,4810,2495,3600,N/A,N/A,N/A
181118/181180X,Plain,118,180.975,47.62,3.49,4810,2495,3600,1898.35,379670,2410.9
163150/163210,Plain,150,210,38,3.4,4710,3185,3000,8037.93,1607586,10208.18
161140/161200,Plain,140,200,38.15,3.33,4565,2940,3100,4296.48,859296,5456.53
161140/161200X,Plain,140,200.025,38.15,3.33,4565,2940,3100,N/A,N/A,N/A
161142X/161200,Plain,142.875,200,38.15,3.33,4565,2940,3100,N/A,N/A,N/A
161142X/161200X,Plain,142.875,200.025,38.15,3.33,4565,2940,3100,N/A,N/A,N/A
32024,Plain,120,180,38,3.25,4267,2625,3200,N/A,N/A,N/A
32022,Plain,110,170,38,3,3345,1990,3400,N/A,N/A,N/A
115177X/115227XC,C,177.8,227.013,30.16,2.75,3450,1770,2700,N/A,N/A,N/A
115177X/115227X,Plain,177.8,227.013,30.16,2.64,3450,1770,2700,N/A,N/A,N/A
32021,Plain,105,160,35,2.4,2900,1466,3600,N/A,N/A,N/A
160090/160152XC,C,90,152.4,38.1,2.4,3700,1785,4300,N/A,N/A,N/A
160090/160158XC,C,90,158.75,38.1,2.4,3700,1785,4300,N/A,N/A,N/A
160090/160160C,C,90,160,38.1,2.4,3700,1785,4300,N/A,N/A,N/A
160090/160161XC,C,90,161.925,38.1,2.4,3700,1785,4300,N/A,N/A,N/A
160098X/160152XC,C,98.425,152.4,38.1,2.4,3700,1785,4300,N/A,N/A,N/A
160098X/160158XC,C,98.425,158.75,38.1,2.4,3700,1785,4300,N/A,N/A,N/A
160098X/160160C,C,98.425,160,38.1,2.4,3700,1785,4300,N/A,N/A,N/A
160098X/160161XC,C,98.425,161.925,38.1,2.4,3700,1785,4300,N/A,N/A,N/A
160090/160152X,Plain,90,152.4,38.1,2.3,3700,1785,4300,N/A,N/A,N/A
160090/160158X,Plain,90,158.75,38.1,2.3,3700,1785,4300,N/A,N/A,N/A
160090/160160,Plain,90,160,38.1,2.3,3700,1785,4300,N/A,N/A,N/A
160090/160161X,Plain,90,161.925,38.1,2.3,3700,1785,4300,N/A,N/A,N/A
160098X/160152X,Plain,98.425,152.4,38.1,2.3,3700,1785,4300,1289.13,257826,1637.2
160098X/160158X,Plain,98.425,158.75,38.1,2.3,3700,1785,4300,N/A,N/A,N/A
160098X/160160,Plain,98.425,160,38.1,2.3,3700,1785,4300,N/A,N/A,N/A
160098X/160161X,Plain,98.425,161.925,38.1,2.3,3700,1785,4300,N/A,N/A,N/A
131090/131150C,C,90,150,35,2.29,2600,1630,4400,N/A,N/A,N/A
131090/131152XC,C,90,152.4,35,2.29,2600,1630,4400,N/A,N/A,N/A
131090/131158XC,C,90,158.75,35,2.29,2600,1630,4400,N/A,N/A,N/A
131092X/131150C,C,92.075,150,35,2.29,2600,1630,4400,N/A,N/A,N/A
131092X/131152XC,C,92.075,152.4,35,2.29,2600,1630,4400,N/A,N/A,N/A
131092X/131158XC,C,92.075,158.75,35,2.29,2600,1630,4400,N/A,N/A,N/A
131093X/131150C,C,93.663,150,35,2.29,2600,1630,4400,N/A,N/A,N/A
131093X/131152XC,C,93.663,152.4,35,2.29,2600,1630,4400,N/A,N/A,N/A
131093X/131158XC,C,93.663,158.75,35,2.29,2600,1630,4400,N/A,N/A,N/A
131095/131150C,C,95,150,35,2.29,2600,1630,4400,N/A,N/A,N/A
131095/131158XC,C,95,158.75,35,2.29,2600,1630,4400,N/A,N/A,N/A
131097/131150C,C,97,150,35,2.29,2600,1630,4400,N/A,N/A,N/A
131097/131158XC,C,97,158.75,35,2.29,2600,1630,4400,N/A,N/A,N/A
131093X/131152X,Plain,93.663,152.4,35,2.14,2600,1630,4400,1275.24,255048,1619.55
140080/140140C,C,80,140,36.5,2.14,2925,1410,4900,1185.55,237110,1505.65
131095/131152XC,C,95,152.4,35,2.14,2600,1630,4400,N/A,N/A,N/A
329326,Plain,130,180,32,2.1,3720,1915,3000,N/A,N/A,N/A
131090/131150,Plain,90,150,35,2.08,2600,1630,4400,N/A,N/A,N/A
131090/131152X,Plain,90,152.4,35,2.08,2600,1630,4400,1289.13,257826,1637.2
131090/131158X,Plain,90,158.75,35,2.08,2600,1630,4400,N/A,N/A,N/A
131092X/131150,Plain,92.075,150,35,2.08,2600,1630,4400,N/A,N/A,N/A
131092X/131152X,Plain,92.075,152.4,35,2.08,2600,1630,4400,1282.23,256446,1628.43
131092X/131158X,Plain,92.075,158.75,35,2.08,2600,1630,4400,N/A,N/A,N/A
131093X/1311500,Plain,93.663,150,35,2.08,2600,1630,4400,N/A,N/A,N/A
131093X/131158X,Plain,93.663,158.75,35,2.08,2600,1630,4400,N/A,N/A,N/A
131095/131150,Plain,95,150,35,2.08,2600,1630,4400,N/A,N/A,N/A
131095/131152X,Plain,95,152.4,35,2.08,2600,1630,4400,1275.24,255048,1619.55
131095/131158X,Plain,95,158.75,35,2.08,2600,1630,4400,N/A,N/A,N/A
131097/131150,Plain,97,150,35,2.08,2600,1630,4400,N/A,N/A,N/A
131097/131158X,Plain,97,158.75,35,2.08,2600,1630,4400,N/A,N/A,N/A
131097/131152XC,C,97,152.4,35,2.06,2600,1630,4400,N/A,N/A,N/A
140080/140140,Plain,80,140,36.5,2.04,2925,1410,4900,1185.55,237110,1505.65
140082X/140140C,C,82.55,140,36.5,2.04,2925,1410,4900,1185.55,237110,1505.65
131097/131152X,Plain,97,152.4,35,2,2600,1630,4400,1254.38,250876,1593.06
140082X/140140,Plain,82.55,140,36.5,1.94,2925,1410,4900,1185.55,237110,1505.65
140085/140140C,C,85,140,36.5,1.94,2925,1410,4900,1171.88,234376,1488.29
32020,Plain,100,150,32,1.9,2780,1405,3800,N/A,N/A,N/A
126080X/126133X,Plain,80.962,133.35,30.16,1.85,2335,1425,4900,N/A,N/A,N/A
126080X/126136X,Plain,80.962,136.525,30.16,1.85,2335,1425,4900,N/A,N/A,N/A
126082X/126133X,Plain,82.55,133.35,30.16,1.85,2335,1425,4900,N/A,N/A,N/A
126082X/126136X,Plain,82.55,136.525,30.16,1.85,2335,1425,4900,N/A,N/A,N/A
126084X/126133X,Plain,84.138,133.35,30.16,1.85,2335,1425,4900,N/A,N/A,N/A
126084X/126136X,Plain,84.138,136.525,30.16,1.85,2335,1425,4900,N/A,N/A,N/A
126085X/126133X,Plain,85.725,133.35,30.16,1.85,2335,1425,4900,N/A,N/A,N/A
126085X/126136X,Plain,85.725,136.525,30.16,1.85,2335,1425,4900,N/A,N/A,N/A
126088X/126133X,Plain,88.9,133.35,30.16,1.85,2335,1425,4900,N/A,N/A,N/A
126088X/126136X,Plain,88.9,136.525,30.16,1.85,2335,1425,4900,N/A,N/A,N/A
117090/117133XC,C,90,133.35,30.16,1.85,2175,1315,4800,N/A,N/A,N/A
140085/140140,Plain,85,140,36.5,1.84,2925,1410,4900,1171.88,234376,1488.29
32019,Plain,95,145,32,1.8,2538,1283,4000,N/A,N/A,N/A
117090/117133X,Plain,90,133.35,30.16,1.76,2175,1315,4800,1220,244000,1549.39
32018,Plain,90,140,32,1.75,2175,1100,4200,N/A,N/A,N/A
135069X/135120C,C,69.85,120,38.1,1.73,2820,1405,5700,1085.69,217138,1378.83
126080X/126133XC,C,80.962,133.35,30.16,1.73,2335,1425,4900,N/A,N/A,N/A
126082X/126133XC,C,82.55,133.35,30.16,1.73,2335,1425,4900,N/A,N/A,N/A
126082X/126136XC,C,82.55,136.525,30.16,1.73,2335,1425,4900,N/A,N/A,N/A
135069X/135120,Plain,69.85,120,38.1,1.67,2820,1405,5700,1114.8,222960,1415.79
126084X/126133XC,C,84.138,133.35,30.16,1.65,2335,1425,4900,N/A,N/A,N/A
126084X/126136XC,C,84.138,136.525,30.16,1.65,2335,1425,4900,N/A,N/A,N/A
105115/105165C,C,115,165,28,1.625,2490,1205,3900,N/A,N/A,N/A
105120/105165C,C,120,165,28,1.625,2490,1205,3900,1616.12,323224,2052.47
133075/133127C,C,75,127,33.25,1.62,2365,1260,5300,N/A,N/A,N/A
133075/133130C,C,75,130,33.25,1.62,2365,1260,5300,1158,231600,1470.67
133075/133133XC,C,75,133.35,33.25,1.62,2365,1260,5300,N/A,N/A,N/A
133075/133136XC,C,75,136.525,33.25,1.62,2365,1260,5300,N/A,N/A,N/A
133076X/133127C,C,76.2,127,33.25,1.62,2365,1260,5300,N/A,N/A,N/A
133076X/133130C,C,76.2,130,33.25,1.62,2365,1260,5300,N/A,N/A,N/A
133076X/133133XC,C,76.2,133.35,33.25,1.62,2365,1260,5300,N/A,N/A,N/A
133076X/133136XC,C,76.2,136.525,33.25,1.62,2365,1260,5300,N/A,N/A,N/A
126085X/126133XC,C,85.725,133.35,30.16,1.6,2335,1425,4900,N/A,N/A,N/A
126085X/126136XC,C,85.725,136.525,30.16,1.6,2335,1425,4900,N/A,N/A,N/A
105115/105165,Plain,115,165,28,1.58,2490,1205,3900,N/A,N/A,N/A
105120/105165,Plain,120,165,28,1.58,2490,1205,3900,1623.33,324666,2061.62
133075/133127,Plain,75,127,33.25,1.56,2365,1260,5300,N/A,N/A,N/A
133075/133130,Plain,75,130,33.25,1.56,2365,1260,5300,1109.81,221962,1409.46
133075/133133X,Plain,75,133.35,33.25,1.56,2365,1260,5300,N/A,N/A,N/A
133075/133136X,Plain,75,136.525,33.25,1.56,2365,1260,5300,N/A,N/A,N/A
133076X/133127,Plain,76.2,127,33.25,1.56,2365,1260,5300,N/A,N/A,N/A
133076X/133130,Plain,76.2,130,33.25,1.56,2365,1260,5300,N/A,N/A,N/A
133076X/133133X,Plain,76.2,133.35,33.25,1.56,2365,1260,5300,N/A,N/A,N/A
133076X/133136X,Plain,76.2,136.525,33.25,1.56,2365,1260,5300,N/A,N/A,N/A
123073X/123120C,C,73.025,120,24.6,1.55,1785,980,5500,N/A,N/A,N/A
123073X/123120XC,C,73.025,120.65,24.6,1.55,1785,980,5500,N/A,N/A,N/A
123073X/123121XC,C,73.025,121.444,24.6,1.55,1785,980,5500,N/A,N/A,N/A
123073X/123123XC,C,73.025,123.825,24.6,1.55,1785,980,5500,N/A,N/A,N/A
123075/123120C,C,75,120,24.6,1.55,1785,980,5500,N/A,N/A,N/A
123075/123120XC,C,75,120.65,24.6,1.55,1785,980,5500,N/A,N/A,N/A
123075/123121XC,C,75,121.444,24.6,1.55,1785,980,5500,N/A,N/A,N/A
123075/123123XC,C,75,123.825,24.6,1.55,1785,980,5500,N/A,N/A,N/A
123076X/123120C,C,76.2,120,24.6,1.55,1785,980,5500,N/A,N/A,N/A
123076X/123120XC,C,76.2,120.65,24.6,1.55,1785,980,5500,N/A,N/A,N/A
123076X/123121XC,C,76.2,121.444,24.6,1.55,1785,980,5500,N/A,N/A,N/A
123076X/123123XC,C,76.2,123.825,24.6,1.55,1785,980,5500,N/A,N/A,N/A
123077X/123120C,C,77.788,120,24.6,1.55,1785,980,5500,N/A,N/A,N/A
123077X/123120XC,C,77.788,120.65,24.6,1.55,1785,980,5500,N/A,N/A,N/A
123077X/123121XC,C,77.788,121.444,24.6,1.55,1785,980,5500,N/A,N/A,N/A
123077X/123123XC,C,77.788,123.825,24.6,1.55,1785,980,5500,N/A,N/A,N/A
32017,Plain,85,130,29,1.5,1607,882,4400,N/A,N/A,N/A
33017,Plain,85,130,36,1.5,1430,755,4400,N/A,N/A,N/A
126088X/126133XC,C,88.9,133.35,30.16,1.5,2335,1425,4900,N/A,N/A,N/A
126088X/126136XC,C,88.9,136.525,30.16,1.5,2335,1425,4900,N/A,N/A,N/A
123073X/123120,Plain,73.025,120,24.6,1.49,1785,980,5500,N/A,N/A,N/A
123073X/123120X,Plain,73.025,120.65,24.6,1.49,1785,980,5500,N/A,N/A,N/A
123073X/123121X,Plain,73.025,121.444,24.6,1.49,1785,980,5500,N/A,N/A,N/A
123073X/123123X,Plain,73.025,123.825,24.6,1.49,1785,980,5500,N/A,N/A,N/A
123075/123120,Plain,75,120,24.6,1.49,1785,980,5500,N/A,N/A,N/A
123075/123120X,Plain,75,120.65,24.6,1.49,1785,980,5500,N/A,N/A,N/A
123075/123121X,Plain,75,121.444,24.6,1.49,1785,980,5500,N/A,N/A,N/A
123075/123123X,Plain,75,123.825,24.6,1.49,1785,980,5500,N/A,N/A,N/A
123076X/123120,Plain,76.2,120,24.6,1.49,1785,980,5500,N/A,N/A,N/A
123076X/123120X,Plain,76.2,120.65,24.6,1.49,1785,980,5500,N/A,N/A,N/A
123076X/123121X,Plain,76.2,121.444,24.6,1.49,1785,980,5500,N/A,N/A,N/A
123076X/123123X,Plain,76.2,123.825,24.6,1.49,1785,980,5500,N/A,N/A,N/A
123077X/123120,Plain,77.788,120,24.6,1.49,1785,980,5500,N/A,N/A,N/A
123077X/123120X,Plain,77.788,120.65,24.6,1.49,1785,980,5500,N/A,N/A,N/A
123077X/123121X,Plain,77.788,121.444,24.6,1.49,1785,980,5500,N/A,N/A,N/A
123077X/123123X,Plain,77.788,123.825,24.6,1.49,1785,980,5500,N/A,N/A,N/A
130060/130120C,C,60,120,29.79,1.365,2175,1100,5700,N/A,N/A,N/A
130060/130127C,C,60,127,29.79,1.365,2175,1100,5700,N/A,N/A,N/A
130063X/130120C,C,63.5,120,29.79,1.365,2175,1100,5700,N/A,N/A,N/A
130063X/130127C,C,63.5,127,29.79,1.365,2175,1100,5700,N/A,N/A,N/A
130065/130120C,C,65,120,29.79,1.365,2175,1100,5700,1047.74,209548,1330.63
130065/130127C,C,65,127,29.79,1.365,2175,1100,5700,N/A,N/A,N/A
130069X/130127C,C,69.85,127,29.79,1.365,2175,1100,5700,N/A,N/A,N/A
130070/130127C,C,70,127,29.79,1.365,2175,1100,5700,N/A,N/A,N/A
130060/130120,Plain,60,120,29.79,1.315,2175,1100,5700,N/A,N/A,N/A
130060/130127,Plain,60,127,29.79,1.315,2175,1100,5700,N/A,N/A,N/A
130063X/130120,Plain,63.5,120,29.79,1.315,2175,1100,5700,N/A,N/A,N/A
130063X/130127,Plain,63.5,127,29.79,1.315,2175,1100,5700,N/A,N/A,N/A
130065/130120,Plain,65,120,29.79,1.315,2175,1100,5700,1082.12,216424,1374.3
130065/130127,Plain,65,127,29.79,1.315,2175,1100,5700,N/A,N/A,N/A
130069X/130127,Plain,69.85,127,29.79,1.315,2175,1100,5700,N/A,N/A,N/A
130070/130127,Plain,70,127,29.79,1.315,2175,1100,5700,N/A,N/A,N/A
130069X/130120C,C,69.85,120,29.79,1.24,2175,1100,5700,1033.86,206772,1312.99
130070/130120C,C,70,120,29.79,1.235,2175,1100,5700,1033.86,206772,1312.99
130069X/130120,Plain,69.85,120,29.79,1.19,2175,1100,5700,1061.63,212326,1348.27
130070/130120,Plain,70,120,29.79,1.185,2175,1100,5700,1068.31,213662,1356.75
120057X/120110C,C,57.15,110,30.16,1.13,1950,950,6200,N/A,N/A,N/A
120057X/120112XC,C,57.15,112.712,30.16,1.13,1950,950,6200,N/A,N/A,N/A
120060/120110C,C,60,110,30.16,1.13,1950,950,6200,958.05,191610,1216.72
120060/120112XC,C,60,112.712,30.16,1.13,1950,950,6200,N/A,N/A,N/A
104060/104110C,C,60,110,24,1.12,1320,960,6800,N/A,N/A,N/A
120057X/120110,Plain,57.15,110,30.16,1.1,1950,950,6200,N/A,N/A,N/A
120057X/120112X,Plain,57.15,112.712,30.16,1.1,1950,950,6200,N/A,N/A,N/A
120060/120112X,Plain,60,112.712,30.16,1.1,1950,950,6200,N/A,N/A,N/A
120063X/120112X,Plain,63.5,112.712,30.16,1.1,1950,950,6200,951.29,190258,1208.14
120060/120110,Plain,60,110,30.16,1.09,1950,950,6200,951.29,190258,1208.14
120063X/120110C,C,63.5,110,30.16,1.04,1950,950,6200,951.29,190258,1208.14
120063X/120110,Plain,63.5,110,30.16,1,1950,950,6200,944.32,188864,1199.29
305457X/305603X,Plain,457.2,603.25,85.72,47.5,21325,13392,1100,N/A,N/A,N/A
306431X/306571X,Plain,431.8,571.5,74.61,28.5,8520,5856,1200,N/A,N/A,N/A
32028,Plain,140,210,45,4.7,6155,4460,2600,N/A,N/A,N/A
124069X/124112XC,C,69.85,112.712,30.16,0.995,2030,1045,5800,N/A,N/A,N/A
124070/124112XC,C,70,112.712,30.16,0.995,2030,1045,5800,N/A,N/A,N/A
124069X/124112X,Plain,69.85,112.712,30.16,0.96,2030,1045,5800,N/A,N/A,N/A
124070/124112X,Plain,70,112.712,30.16,0.96,2030,1045,5800,985.82,197164,1251.99
110050/110096XC,C,50,96.838,26.75,0.915,1570,990,6900,N/A,N/A,N/A
110050/110098XC,C,50,98.425,26.75,0.915,1570,990,6900,N/A,N/A,N/A
110050/110100C,C,50,100,26.75,0.915,1570,990,6900,951.29,190258,1208.14
110050X/110096XC,C,50.8,96.838,26.75,0.915,1570,990,6900,N/A,N/A,N/A
110050X/110098XC,C,50.8,98.425,26.75,0.915,1570,990,6900,N/A,N/A,N/A
110050X/110100C,C,50.8,100,26.75,0.915,1570,990,6900,N/A,N/A,N/A
110053X/110096XC,C,53.975,96.838,26.75,0.915,1570,990,6900,N/A,N/A,N/A
110053X/110098XC,C,53.975,98.425,26.75,0.915,1570,990,6900,N/A,N/A,N/A
110053X/110100C,C,53.975,100,26.75,0.915,1570,990,6900,N/A,N/A,N/A
110055/110096XC,C,55,96.838,26.75,0.915,1570,990,6900,N/A,N/A,N/A
110055/110098XC,C,55,98.425,26.75,0.915,1570,990,6900,N/A,N/A,N/A
110057X/110096XC,C,57.15,96.838,26.75,0.915,1570,990,6900,N/A,N/A,N/A
110057X/110098XC,C,57.15,98.425,26.75,0.915,1570,990,6900,N/A,N/A,N/A
110057X/110100C,C,57.15,100,26.75,0.915,1570,990,6900,N/A,N/A,N/A
110050/110096X,Plain,50,96.838,26.75,0.885,1570,990,6900,N/A,N/A,N/A
110050/110098X,Plain,50,98.425,26.75,0.885,1570,990,6900,N/A,N/A,N/A
110050/110100,Plain,50,100,26.75,0.885,1570,990,6900,916.76,183352,1164.28
110050X/110096X,Plain,50.8,96.838,26.75,0.885,1570,990,6900,N/A,N/A,N/A
110050X/110098X,Plain,50.8,98.425,26.75,0.885,1570,990,6900,N/A,N/A,N/A
110050X/110100,Plain,50.8,100,26.75,0.885,1570,990,6900,N/A,N/A,N/A
110053X/110096X,Plain,53.975,96.838,26.75,0.885,1570,990,6900,N/A,N/A,N/A
110053X/110098X,Plain,53.975,98.425,26.75,0.885,1570,990,6900,N/A,N/A,N/A
110053X/110100,Plain,53.975,100,26.75,0.885,1570,990,6900,N/A,N/A,N/A
110055/110096X,Plain,55,96.838,26.75,0.885,1570,990,6900,N/A,N/A,N/A
110055/110098X,Plain,55,98.425,26.75,0.885,1570,990,6900,N/A,N/A,N/A
110057X/110096X,Plain,57.15,96.838,26.75,0.885,1570,990,6900,N/A,N/A,N/A
110057X/110098X,Plain,57.15,98.425,26.75,0.885,1570,990,6900,N/A,N/A,N/A
110057X/110100,Plain,57.15,100,26.75,0.885,1570,990,6900,N/A,N/A,N/A
113057X/113100C,C,57.15,100,25.4,0.88,1585,1020,6600,N/A,N/A,N/A
113057X/113101XC,C,57.15,101.6,25.4,0.88,1585,1020,6600,N/A,N/A,N/A
113060/113100C,C,60,100,25.4,0.88,1585,1020,6600,916.76,183352,1164.28
113060/113101XC,C,60,101.6,25.4,0.88,1585,1020,6600,N/A,N/A,N/A
113060X/113100C,C,60.325,100,25.4,0.88,1585,1020,6600,N/A,N/A,N/A
113060X/113101XC,C,60.325,101.6,25.4,0.88,1585,1020,6600,N/A,N/A,N/A
110055/110100C,C,55,100,26.75,0.825,1570,990,6900,930.65,186130,1181.93
104060/104100C,C,60,100,24,0.8,1320,960,6800,998.89,199778,1268.59
110055/110100,Plain,55,100,26.75,0.795,1570,990,6900,896.2,179240,1138.18
104060/104095C,C,60,95,24,0.75,1320,960,6800,N/A,N/A,N/A
104060/104095,Plain,60,95,24,0.72,1320,960,6800,N/A,N/A,N/A
104060/104100,Plain,60,100,24,0.72,1320,960,6800,918.7,183740,1166.75
104060/104110,Plain,60,110,24,0.72,1320,960,6800,N/A,N/A,N/A
32014,Plain,70,110,25,0.72,1355,595,5800,N/A,N/A,N/A
111050X/111093X,Plain,50.8,93.266,26.75,0.66,1435,830,7400,806.51,161302,1024.27
113057X/113100,Plain,57.15,100,25.4,0.66,1585,1020,6600,N/A,N/A,N/A
113057X/113101X,Plain,57.15,101.6,25.4,0.66,1585,1020,6600,N/A,N/A,N/A
113060/113100,Plain,60,100,25.4,0.66,1585,1020,6600,889.22,177844,1129.3
113060/113101X,Plain,60,101.6,25.4,0.66,1585,1020,6600,N/A,N/A,N/A
113060X/113100,Plain,60.325,100,25.4,0.66,1585,1020,6600,N/A,N/A,N/A
113060X/113101X,Plain,60.325,101.6,25.4,0.66,1585,1020,6600,817.86,163572,1038.69
85050/85090C,C,50,90,25,0.65,1150,825,6900,1431.46,286292,1817.96
111044X/111090C,C,44.45,90,26.75,0.635,1435,830,7400,N/A,N/A,N/A
111044X/111093XC,C,44.45,93.266,26.75,0.635,1435,830,7400,N/A,N/A,N/A
111050/111090C,C,50,90,26.75,0.635,1435,830,7400,841.03,168206,1068.1
111050/111093XC,C,50,93.266,26.75,0.635,1435,830,7400,N/A,N/A,N/A
111050X/111090C,C,50.8,90,26.75,0.635,1435,830,7400,N/A,N/A,N/A
111044X/111090,Plain,44.45,90,26.75,0.61,1435,830,7400,N/A,N/A,N/A
111044X/111093X,Plain,44.45,93.266,26.75,0.61,1435,830,7400,N/A,N/A,N/A
85050/85090,Plain,50,90,25,0.61,1150,825,6900,1316.68,263336,1672.18
111050/111090,Plain,50,90,26.75,0.61,1435,830,7400,813.26,162652,1032.85
111050/111093X,Plain,50,93.266,26.75,0.61,1435,830,7400,N/A,N/A,N/A
111050X/111090,Plain,50.8,90,26.75,0.61,1435,830,7400,N/A,N/A,N/A
119044X/119085C,C,44.45,85,24.75,0.56,1370,730,8200,N/A,N/A,N/A
119044X/119088XC,C,44.45,88.9,24.75,0.56,1370,730,8200,N/A,N/A,N/A
119045/119088XC,C,45,88.9,24.75,0.56,1370,730,8200,N/A,N/A,N/A
112040/112085C,C,40,85,20.63,0.53,1145,600,8200,793.96,158792,1008.33
119045/119085C,C,45,85,24.75,0.52,1370,730,8200,842.15,168430,1069.53
112040/112085,Plain,40,85,20.63,0.51,1145,600,8200,760.4,152080,965.7
119044X/119085,Plain,44.45,85,24.75,0.5,1370,730,8200,N/A,N/A,N/A
119044X/119088X,Plain,44.45,88.9,24.75,0.5,1370,730,8200,N/A,N/A,N/A
119045/119085,Plain,45,85,24.75,0.5,1370,730,8200,809.76,161952,1028.4
119045/119088X,Plain,45,88.9,24.75,0.5,1370,730,8200,N/A,N/A,N/A
101040/101080C,C,40,80,24.75,0.5,1110,630,8800,820.99,164198,1042.65
87045/87080C,C,45,80,25,0.5,1050,720,8200,N/A,N/A,N/A
101038X/101076C,C,38.1,76,24.75,0.49,1110,630,8800,N/A,N/A,N/A
101038X/101076XC,C,38.1,76.2,24.75,0.49,1110,630,8800,N/A,N/A,N/A
101038X/101080C,C,38.1,80,24.75,0.49,1110,630,8800,N/A,N/A,N/A
101040/101076C,C,40,76,24.75,0.49,1110,630,8800,807.54,161508,1025.59
101040/101076XC,C,40,76.2,24.75,0.49,1110,630,8800,N/A,N/A,N/A
101041X/101076C,C,41.275,76,24.75,0.49,1110,630,8800,N/A,N/A,N/A
101041X/101076XC,C,41.275,76.2,24.75,0.49,1110,630,8800,N/A,N/A,N/A
101041X/101080C,C,41.275,80,24.75,0.49,1110,630,8800,N/A,N/A,N/A
101038X/101076,Plain,38.1,76,24.75,0.475,1110,630,8800,N/A,N/A,N/A
101038X/101076X,Plain,38.1,76.2,24.75,0.475,1110,630,8800,N/A,N/A,N/A
101038X/101080,Plain,38.1,80,24.75,0.475,1110,630,8800,N/A,N/A,N/A
101040/101076,Plain,40,76,24.75,0.475,1110,630,8800,780.67,156134,991.45
101040/101076X,Plain,40,76.2,24.75,0.475,1110,630,8800,N/A,N/A,N/A
101040/101080,Plain,40,80,24.75,0.475,1110,630,8800,780.67,156134,991.45
101041X/101076,Plain,41.275,76,24.75,0.475,1110,630,8800,N/A,N/A,N/A
101041X/101076X,Plain,41.275,76.2,24.75,0.475,1110,630,8800,N/A,N/A,N/A
101041X/101080,Plain,41.275,80,24.75,0.475,1110,630,8800,N/A,N/A,N/A
112041X/112085C,C,41.275,85,20.63,0.47,1145,600,8200,N/A,N/A,N/A
112044X/112085C,C,44.45,85,20.63,0.47,1145,600,8200,N/A,N/A,N/A
112045/112085C,C,45,85,20.63,0.47,1145,600,8200,787.27,157454,999.83
112041X/112085,Plain,41.275,85,20.63,0.45,1145,600,8200,N/A,N/A,N/A
112044X/112085,Plain,44.45,85,20.63,0.45,1145,600,8200,N/A,N/A,N/A
87045/87080,Plain,45,80,25,0.45,1050,720,8200,N/A,N/A,N/A
112045/112085,Plain,45,85,20.63,0.45,1145,600,8200,753.57,150714,957.03
100031X/100072C,C,31.75,72,24.25,0.395,1055,545,9600,N/A,N/A,N/A
100031X/100076XC,C,31.75,76.2,24.25,0.395,1055,545,9600,N/A,N/A,N/A
100031X/100080C,C,31.75,80,24.25,0.395,1055,545,9600,N/A,N/A,N/A
100034X/100072C,C,34.925,72,24.25,0.395,1055,545,9600,N/A,N/A,N/A
100034X/100076XC,C,34.925,76.2,24.25,0.395,1055,545,9600,N/A,N/A,N/A
100034X/100080C,C,34.925,80,24.25,0.395,1055,545,9600,N/A,N/A,N/A
100035/100072C,C,35,72,24.25,0.395,1055,545,9600,800.71,160142,1016.91
100035/100076XC,C,35,76.2,24.25,0.395,1055,545,9600,N/A,N/A,N/A
100035/100080C,C,35,80,24.25,0.395,1055,545,9600,N/A,N/A,N/A
100031X/100072,Plain,31.75,72,24.25,0.38,1055,545,9600,N/A,N/A,N/A
100031X/100076X,Plain,31.75,76.2,24.25,0.38,1055,545,9600,N/A,N/A,N/A
100031X/100080,Plain,31.75,80,24.25,0.38,1055,545,9600,N/A,N/A,N/A
100034X/100072,Plain,34.925,72,24.25,0.38,1055,545,9600,N/A,N/A,N/A
100034X/100076X,Plain,34.925,76.2,24.25,0.38,1055,545,9600,N/A,N/A,N/A
100034X/100080,Plain,34.925,80,24.25,0.38,1055,545,9600,N/A,N/A,N/A
100035/100072,Plain,35,72,24.25,0.38,1055,545,9600,747.03,149406,948.73
100035/100076X,Plain,35,76.2,24.25,0.38,1055,545,9600,N/A,N/A,N/A
100035/100080,Plain,35,80,24.25,0.38,1055,545,9600,N/A,N/A,N/A
80030/80066XC,C,30,66.675,20.63,0.36,720,405,10400,N/A,N/A,N/A
80030/80068C,C,30,68,20.63,0.36,720,405,10400,N/A,N/A,N/A
80033X/80066XC,C,33.338,66.675,20.63,0.36,720,405,10400,N/A,N/A,N/A
80033X/80068C,C,33.338,68,20.63,0.36,720,405,10400,N/A,N/A,N/A
80035/80068C,C,35,68,20.63,0.36,720,405,10400,N/A,N/A,N/A
80035/80066XC,C,35,66.675,20.63,0.34,720,405,10400,N/A,N/A,N/A
80030/80066X,Plain,30,66.675,20.63,0.33,720,405,10400,N/A,N/A,N/A
80030/80068,Plain,30,68,20.63,0.33,720,405,10400,N/A,N/A,N/A
80033X/80068,Plain,33.338,68,20.63,0.33,720,405,10400,N/A,N/A,N/A
80035/80068,Plain,35,68,20.63,0.33,720,405,10400,N/A,N/A,N/A
70030/70062C,C,30,62,21.25,0.31,635,345,11600,684.51,136902,869.33
80033X/80066X,Plain,33.338,66.675,20.63,0.3,720,405,10400,N/A,N/A,N/A
70030/70062,Plain,30,62,21.25,0.28,635,345,11600,740.34,148068,940.24
102036/102072C,C,36,72,17,0.275,665,350,9600,N/A,N/A,N/A
80035/80066X,Plain,35,66.675,20.63,0.27,720,405,10400,N/A,N/A,N/A
102036/102072,Plain,36,72,17,0.26,665,350,9600,N/A,N/A,N/A
74025/74052C,C,25,52,16.25,0.22,435,210,13300,693.12,138624,880.26
74025/74052,Plain,25,52,16.25,0.19,435,210,13300,652.81,130562,829.06
74025/74052G,G,25,52,43,0.46,850,210,13300,1265.08,253016,1606.65
70030/70062G,G,30,62,51,0.64,1250,345,11600,1287.06,257412,1634.56
80030/80066XG,G,30,66.675,52,0.78,1410,405,10400,N/A,N/A,N/A
80030/80068G,G,30,68,52,0.78,1410,405,10400,N/A,N/A,N/A
100031X/100072G,G,31.75,72,57,0.825,2045,545,9600,N/A,N/A,N/A
100031X/100076XG,G,31.75,76.2,57,0.825,2045,545,9600,N/A,N/A,N/A
100031X/100080G,G,31.75,80,57,0.825,2045,545,9600,N/A,N/A,N/A
80033X/80066XG,G,33.338,66.675,52,0.78,1410,405,10400,N/A,N/A,N/A
80033X/80068G,G,33.338,68,52,0.78,1410,405,10400,N/A,N/A,N/A
100034X/100072G,G,34.925,72,57,0.825,2045,545,9600,N/A,N/A,N/A
100034X/100076XG,G,34.925,76.2,57,0.825,2045,545,9600,N/A,N/A,N/A
100034X/100080G,G,34.925,80,57,0.825,2045,545,9600,N/A,N/A,N/A
80035/80066XG,G,35,66.675,52,0.72,1410,405,10400,N/A,N/A,N/A
80035/80068G,G,35,68,52,0.75,1410,405,10400,N/A,N/A,N/A
100035/100072G,G,35,72,57,0.825,2045,545,9600,1318.9,263780,1675
100035/100076XG,G,35,76.2,57,0.825,2045,545,9600,N/A,N/A,N/A
100035/100080G,G,35,80,57,0.825,2045,545,9600,N/A,N/A,N/A
102036/102072G,G,36,72,42,0.58,1280,350,9600,N/A,N/A,N/A
101038X/101076G,G,38.1,76,57,0.85,2175,630,8800,N/A,N/A,N/A
101038X/101076XG,G,38.1,76.2,57,0.85,2175,630,8800,N/A,N/A,N/A
101038X/101080G,G,38.1,80,57,0.85,2175,630,8800,N/A,N/A,N/A
101040/101076G,G,40,76,57,0.85,2175,630,8800,1386.18,277236,1760.44
101040/101076XG,G,40,76.2,57,0.85,2175,630,8800,N/A,N/A,N/A
101040/101080G,G,40,80,57,1.025,2175,630,8800,1393.01,278602,1769.12
112040/112085G,G,40,85,55,1.19,2190,600,8200,1493.83,298766,1897.17
101041X/101076G,G,41.275,76,57,0.85,2175,630,8800,N/A,N/A,N/A
101041X/101076XG,G,41.275,76.2,57,0.85,2175,630,8800,N/A,N/A,N/A
101041X/101080G,G,41.275,80,57,0.85,2175,630,8800,N/A,N/A,N/A
112041X/112085G,G,41.275,85,55,1.07,2190,600,8200,N/A,N/A,N/A
111044X/111090G,G,44.45,90,64,1.33,2805,830,7400,N/A,N/A,N/A
111044X/111093XG,G,44.45,93.266,64,1.33,2805,830,7400,N/A,N/A,N/A
112044X/112085G,G,44.45,85,55,1.07,2190,600,8200,N/A,N/A,N/A
119044X/119085G,G,44.45,85,62,1.17,2680,730,8200,N/A,N/A,N/A
119044X/119088XG,G,44.45,88.9,62,1.17,2680,730,8200,N/A,N/A,N/A
112045/112085G,G,45,85,55,1.07,2190,600,8200,1480.33,296066,1880.01
119045/119085G,G,45,85,62,1.17,2680,730,8200,1579.15,315830,2005.52
119045/119088XG,G,45,88.9,62,1.17,2680,730,8200,N/A,N/A,N/A
111050/111090G,G,50,90,64,1.33,2805,830,7400,1571.65,314330,1995.99
111050/111093XG,G,50,93.266,64,1.33,2805,830,7400,N/A,N/A,N/A
110050/110096XG,G,50,96.838,65,1.945,3070,990,6900,N/A,N/A,N/A
110050/110098XG,G,50,98.425,65,1.945,3070,990,6900,N/A,N/A,N/A
110050/110100G,G,50,100,65,1.945,3070,990,6900,1750.89,350178,2223.63
111050X/111090G,G,50.8,90,64,1.33,2805,830,7400,N/A,N/A,N/A
110050X/110096XG,G,50.8,96.838,65,1.945,3070,990,6900,N/A,N/A,N/A
110050X/110098XG,G,50.8,98.425,65,1.945,3070,990,6900,N/A,N/A,N/A
110050X/110100G,G,50.8,100,65,1.945,3070,990,6900,N/A,N/A,N/A
110053X/110096XG,G,53.975,96.838,65,1.945,3070,990,6900,N/A,N/A,N/A
110053X/110098XG,G,53.975,98.425,65,1.945,3070,990,6900,N/A,N/A,N/A
110053X/110100G,G,53.975,100,65,1.945,3070,990,6900,N/A,N/A,N/A
110055/110096XG,G,55,96.838,65,1.945,3070,990,6900,N/A,N/A,N/A
110055/110098XG,G,55,98.425,65,1.945,3070,990,6900,N/A,N/A,N/A
110055/110100G,G,55,100,65,1.765,3070,990,6900,1709.46,341892,2171
110057X/110096XG,G,57.15,96.838,65,1.945,3070,990,6900,N/A,N/A,N/A
110057X/110098XG,G,57.15,98.425,65,1.945,3070,990,6900,N/A,N/A,N/A
110057X/110100G,G,57.15,100,65,1.945,3070,990,6900,N/A,N/A,N/A
113057X/113100G,G,57.15,100,58,1.825,3085,1020,6600,N/A,N/A,N/A
113057X/113101XG,G,57.15,101.6,58,1.825,3085,1020,6600,N/A,N/A,N/A
120057X/120110G,G,57.15,110,73,2.39,3815,950,6200,N/A,N/A,N/A
120057X/120112XG,G,57.15,112.712,73,2.39,3815,950,6200,N/A,N/A,N/A
113060/113100G,G,60,100,58,1.825,3085,1020,6600,1716.52,343304,2179.98
113060/113101XG,G,60,101.6,58,1.825,3085,1020,6600,N/A,N/A,N/A
120060/120110G,G,60,110,73,2.39,3815,950,6200,1792.18,358436,2276.07
120060/120112XG,G,60,112.712,73,2.39,3815,950,6200,N/A,N/A,N/A
130060/130120G,G,60,120,71,2.86,4290,1100,5700,N/A,N/A,N/A
130060/130127G,G,60,127,71,2.86,4290,1100,5700,N/A,N/A,N/A
113060X/113100G,G,60.325,100,58,1.825,3085,1020,6600,N/A,N/A,N/A
113060X/113101XG,G,60.325,101.6,58,1.825,3085,1020,6600,N/A,N/A,N/A
120063X/120110G,G,63.5,110,73,2.21,3815,950,6200,1778.36,355672,2258.52
130063X/130120G,G,63.5,120,71,2.86,4290,1100,5700,N/A,N/A,N/A
130063X/130127G,G,63.5,127,71,2.86,4290,1100,5700,N/A,N/A,N/A
130065/130120G,G,65,120,71,2.86,4290,1100,5700,1985.3,397060,2521.33
130065/130127G,G,65,127,71,2.86,4290,1100,5700,N/A,N/A,N/A
124069X/124112XG,G,69.85,112.712,73,2.015,3980,1045,5800,N/A,N/A,N/A
130069X/130120G,G,69.85,120,71,2.61,4290,1100,5700,1950.77,390154,2477.49
135069X/135120G,G,69.85,120,89,2.73,5550,1405,5700,2048.27,409654,2601.3
130069X/130127G,G,69.85,127,71,2.86,4290,1100,5700,N/A,N/A,N/A
124070/124112XG,G,70,112.712,73,2.015,3980,1045,5800,N/A,N/A,N/A
130070/130120G,G,70,120,71,2.64,4290,1100,5700,1950.77,390154,2477.49
130070/130127G,G,70,127,71,2.86,4290,1100,5700,N/A,N/A,N/A
123073X/123120G,G,73.025,120,64,2.35,3520,980,5500,N/A,N/A,N/A
123073X/123120XG,G,73.025,120.65,64,2.35,3520,980,5500,N/A,N/A,N/A
123073X/123121XG,G,73.025,121.444,64,2.35,3520,980,5500,N/A,N/A,N/A
123073X/123123XG,G,73.025,123.825,64,2.35,3520,980,5500,N/A,N/A,N/A
123075/123120G,G,75,120,64,2.25,3520,980,5500,N/A,N/A,N/A
123075/123120XG,G,75,120.65,64,2.25,3520,980,5500,N/A,N/A,N/A
123075/123121XG,G,75,121.444,64,2.25,3520,980,5500,N/A,N/A,N/A
123075/123123XG,G,75,123.825,64,2.25,3520,980,5500,N/A,N/A,N/A
133075/133127G,G,75,127,73,3.23,4645,1260,5300,N/A,N/A,N/A
133075/133130G,G,75,130,73,3.23,4645,1260,5300,2143.75,428750,2722.56
133075/133133XG,G,75,133.35,73,3.23,4645,1260,5300,N/A,N/A,N/A
133075/133136XG,G,75,136.525,73,3.23,4645,1260,5300,N/A,N/A,N/A
123076X/123120G,G,76.2,120,64,2.25,3520,980,5500,N/A,N/A,N/A
123076X/123120XG,G,76.2,120.65,64,2.25,3520,980,5500,N/A,N/A,N/A
123076X/123123XG,G,76.2,123.825,64,2.25,3520,980,5500,N/A,N/A,N/A
133076X/133127G,G,76.2,127,73,3.23,4645,1260,5300,N/A,N/A,N/A
133076X/133130G,G,76.2,130,73,3.23,4645,1260,5300,N/A,N/A,N/A
133076X/133133XG,G,76.2,133.35,73,3.23,4645,1260,5300,N/A,N/A,N/A
133076X/133136XG,G,76.2,136.525,73,3.23,4645,1260,5300,N/A,N/A,N/A
123077X/123120G,G,77.788,120,64,2.25,3520,980,5500,N/A,N/A,N/A
123077X/123120XG,G,77.788,120.65,64,2.25,3520,980,5500,N/A,N/A,N/A
123077X/123121XG,G,77.788,121.444,64,2.25,3520,980,5500,N/A,N/A,N/A
123077X/123123XG,G,77.788,123.825,64,2.25,3520,980,5500,N/A,N/A,N/A
140080/140140G,G,80,140,85,4.345,5685,1410,4900,2212.65,442530,2810.07
126080X/126133XG,G,80.962,133.35,74,2.25,4650,1425,4900,N/A,N/A,N/A
126082X/126133XG,G,82.55,133.35,74,2.25,4650,1425,4900,N/A,N/A,N/A
126082X/126136XG,G,82.55,136.525,74,2.25,4650,1425,4900,N/A,N/A,N/A
140082X/140140G,G,82.55,140,85,4.145,5685,1410,4900,2205.9,441180,2801.49
126084X/126133XG,G,84.138,133.35,74,2.4,4650,1425,4900,N/A,N/A,N/A
126084X/126136XG,G,84.138,136.525,74,2.4,4650,1425,4900,N/A,N/A,N/A
140085/140140G,G,85,140,85,3.945,5685,1410,4900,2185.33,437066,2775.37
210085/210170G,G,85,170,106,8.345,10640,2630,4200,3536.16,707232,4490.93
126085X/126133XG,G,85.725,133.35,74,2.4,4650,1425,4900,N/A,N/A,N/A
126085X/126136XG,G,85.725,136.525,74,2.4,4650,1425,4900,N/A,N/A,N/A
126088X/126133XG,G,88.9,133.35,74,2.4,4650,1425,4900,N/A,N/A,N/A
126088X/126136XG,G,88.9,136.525,74,2.4,4650,1425,4900,N/A,N/A,N/A
117090/117133XG,G,90,133.35,76,3.9,4275,1315,4800,N/A,N/A,N/A
210090/210170G,G,90,170,106,8.345,10640,2630,4200,N/A,N/A,N/A
131090/131150G,G,90,150,75,4.625,5115,1630,4400,N/A,N/A,N/A
131090/131152XG,G,90,152.4,75,4.625,5115,1630,4400,N/A,N/A,N/A
131090/131158XG,G,90,158.75,75,4.625,5115,1630,4400,N/A,N/A,N/A
160090/160152XG,G,90,152.4,92,4.95,7275,1785,4300,N/A,N/A,N/A
160090/160158XG,G,90,158.75,92,4.95,7275,1785,4300,N/A,N/A,N/A
160090/160160G,G,90,160,92,4.95,7275,1785,4300,N/A,N/A,N/A
160090/160161XG,G,90,161.925,92,4.95,7275,1785,4300,N/A,N/A,N/A
131092X/131150G,G,92.075,150,75,4.625,5115,1630,4400,N/A,N/A,N/A
131092X/131152XG,G,92.075,152.4,75,4.625,5115,1630,4400,N/A,N/A,N/A
131092X/131158XG,G,92.075,158.75,75,4.625,5115,1630,4400,N/A,N/A,N/A
131093X/131152XG,G,93.663,152.4,75,4.625,5115,1630,4400,N/A,N/A,N/A
131093X/131150G,G,93.663,150,75,4.625,5115,1630,4400,N/A,N/A,N/A
131093X/131158XG,G,93.663,158.75,75,4.625,5115,1630,4400,N/A,N/A,N/A
131095/131150G,G,95,150,75,4.625,5115,1630,4400,N/A,N/A,N/A
131095/131152XG,G,95,152.4,75,4.505,5115,1630,4400,N/A,N/A,N/A
131095/131158XG,G,95,158.75,75,4.625,5115,1630,4400,N/A,N/A,N/A
210095/210170G,G,95,170,106,8.345,10640,2630,4200,3487.89,697578,4429.62
131097/131152XG,G,97,152.4,75,4.345,5115,1630,4400,N/A,N/A,N/A
131097/131150G,G,97,150,75,4.625,5115,1630,4400,N/A,N/A,N/A
131097/131158XG,G,97,158.75,75,4.625,5115,1630,4400,N/A,N/A,N/A
160098X/160152XG,G,98.425,152.4,92,4.95,7275,1785,4300,N/A,N/A,N/A
160098X/160158XG,G,98.425,158.75,92,4.95,7275,1785,4300,N/A,N/A,N/A
160098X/160160G,G,98.425,160,92,4.95,7275,1785,4300,N/A,N/A,N/A
160098X/160161XG,G,98.425,161.925,92,4.95,7275,1785,4300,N/A,N/A,N/A
180100/180170G,G,100,170,100,11,9100,2240,3900,3104.62,620924,3942.86
180100/180180G,G,100,180,100,9.1,9100,2240,3900,N/A,N/A,N/A
180100/180180XG,G,100,180.975,100,11,9100,2240,3900,N/A,N/A,N/A
180100/180190G,G,100,190,100,11,9100,2240,3900,N/A,N/A,N/A
141101X/141165XG,G,101.6,165.1,87,9.16,6595,1990,3900,N/A,N/A,N/A
180101X/180170G,G,101.6,170,100,11,9100,2240,3900,3104.62,620924,3942.86
180101X/180180G,G,101.6,180,100,11,9100,2240,3900,3494.88,698976,4438.49
180101X/180180XG,G,101.6,180.975,100,9.28,9100,2240,3900,N/A,N/A,N/A
180101X/180190G,G,101.6,190,100,10.96,9100,2240,3900,N/A,N/A,N/A
180105/180170G,G,105,170,100,11,9100,2240,3900,3460.42,692084,4394.74
180105/180180G,G,105,180,100,11,9100,2240,3900,N/A,N/A,N/A
180105/180180XG,G,105,180.975,100,8.82,9100,2240,3900,N/A,N/A,N/A
180105/180190G,G,105,190,100,10.5,9100,2240,3900,N/A,N/A,N/A
141107X/141165XGS,G,107.95,165.1,87,9.16,6595,1990,3900,N/A,N/A,N/A
181111X/181180XG,G,111.125,180.975,108,8.34,9425,2495,3600,N/A,N/A,N/A
181111X/181190G,G,111.125,190,108,9.95,9425,2495,3600,3775.68,755136,4795.12
181111X/181190XG,G,111.125,190.5,108,10.05,9425,2495,3600,N/A,N/A,N/A
181111X/181200XG,G,111.125,200.025,108,8.34,9425,2495,3600,N/A,N/A,N/A
105115/105165G,G,115,165,65,3.36,4920,1205,3900,N/A,N/A,N/A
181115/181180XG,G,115,180.975,108,7.84,9425,2495,3600,N/A,N/A,N/A
181115/181190G,G,115,190,108,9.45,9425,2495,3600,N/A,N/A,N/A
181115/181190XG,G,115,190.5,108,9.55,9425,2495,3600,N/A,N/A,N/A
181115/181200XG,G,115,200.025,108,8.34,9425,2495,3600,N/A,N/A,N/A
181118/181180XG,G,118,180.975,108,7.42,9425,2495,3600,N/A,N/A,N/A
181118/181190G,G,118,190,108,9.03,9425,2495,3600,N/A,N/A,N/A
181118/181190XG,G,118,190.5,108,9.13,9425,2495,3600,N/A,N/A,N/A
181118/181200XG,G,118,200.025,108,8.34,9425,2495,3600,N/A,N/A,N/A
105120/105165G,G,120,165,65,3.36,4920,1205,3900,2810.21,562042,3568.97
184120/184190G,G,120,190,108,8.46,9750,2695,3500,3697.95,739590,4696.4
184120/184190XG,G,120,190.5,108,8.46,9750,2695,3500,N/A,N/A,N/A
184120/184199G,G,120,199,108,8.46,9750,2695,3500,N/A,N/A,N/A
184120/184200G,G,120,200,108,8.46,9750,2695,3500,N/A,N/A,N/A
164127X/164196XG,G,127,196.85,101.6,8.8,8770,2735,3400,N/A,N/A,N/A
164127X/164200XG,G,127,200.025,101.6,8.8,8770,2735,3400,N/A,N/A,N/A
200127X/200215G,G,127,215,110,13.54,12065,2965,3100,N/A,N/A,N/A
200127X/200215XG,G,127,215.9,110,13.54,12065,2965,3100,N/A,N/A,N/A
164133X/164196XG,G,133.35,196.85,101.6,8.8,8770,2735,3400,N/A,N/A,N/A
164133X/164200XG,G,133.35,200.025,101.6,8.8,8770,2735,3400,N/A,N/A,N/A
200133X/200215G,G,133.35,215,110,13.54,12065,2965,3100,N/A,N/A,N/A
200133X/200215XG,G,133.35,215.9,110,12.49,12065,2965,3100,N/A,N/A,N/A
200136X/200215G,G,136.525,215,110,13.54,12065,2965,3100,N/A,N/A,N/A
200136X/200215XG,G,136.525,215.9,110,11.97,12065,2965,3100,N/A,N/A,N/A
200139X/200215G,G,139.7,215,110,13.54,12065,2965,3100,N/A,N/A,N/A
200139X/200215XG,G,139.7,215.9,110,13.54,12065,2965,3100,N/A,N/A,N/A
240139X/240241XG,G,139.7,241.3,126,19.86,16410,4060,2900,N/A,N/A,N/A
161140/161200GS,G,140,200,92.3,9.7,9010,2940,3100,N/A,N/A,N/A
161140/161200XGS,G,140,200.025,92.3,9.7,9010,2940,3100,N/A,N/A,N/A
161142X/161200GS,G,142.875,200,92.3,9.7,9010,2940,3100,N/A,N/A,N/A
161142X/161200XGS,G,142.875,200.025,92.3,9.7,9010,2940,3100,N/A,N/A,N/A
240145/240241XG,G,145,241.3,126,18.78,16410,4060,2900,N/A,N/A,N/A
203145/203256G,G,145,256,110,14.49,13365,3605,2700,N/A,N/A,N/A
240149X/240241XG,G,149.225,241.3,126,18.78,16410,4060,2900,N/A,N/A,N/A
163150/163210G,G,150,210,92,9.96,9260,3185,3000,16640.47,3328094,21133.4
183152X/183222XG,G,152.4,222.25,105,10.73,11050,3575,3000,N/A,N/A,N/A
281152X/281254XG,G,152.4,254,155,24.87,21450,5280,2600,N/A,N/A,N/A
281152X/281266XG,G,152.4,266.7,155,24.87,21450,5280,2600,N/A,N/A,N/A
281155X/281254XG,G,155.575,254,155,24.87,21450,5280,2600,N/A,N/A,N/A
281155X/281266XG,G,155.575,266.7,155,24.87,21450,5280,2600,N/A,N/A,N/A
203156/203235G,G,156,235,110,14.49,13365,3605,2700,5377.7,1075540,6829.68
186165X/186254XG,G,165.1,254,108,14.9,12170,4460,2600,N/A,N/A,N/A
186170/186254XG,G,170,254,108,14.9,12170,4460,2600,N/A,N/A,N/A
115177X/115227XG,G,177.8,227.013,75,5.93,6825,1770,2700,N/A,N/A,N/A
186177X/186254XG,G,177.8,254,108,14.9,12170,4460,2600,N/A,N/A,N/A
280177X/280288XG,G,177.8,288.925,154,31.8,23725,6580,2300,N/A,N/A,N/A
187185/187258G,G,185,258,110,11.94,12430,4760,2500,18216.94,3643388,23135.51
204190/204266XG,G,90,266.7,113.18,15,14685,4695,2400,N/A,N/A,N/A
204190X/204266XG,G,190.5,266.7,113.18,15,14685,4695,2400,N/A,N/A,N/A
242190X/242282XG,G,190.5,282.575,120,19.3,15925,4645,2300,N/A,N/A,N/A
206190X/206290G,G,190.5,290,114,17,15400,5360,2200,9081,1816200,11532.86
283203X/283310G,G,203.2,310,156,32,25185,7715,2100,32731.7,6546340,41569.25
283203X/283317XG,G,203.2,317.5,156,35.3,25185,7715,2100,N/A,N/A,N/A
206210/206290G,G,210,290,114,17,15400,5360,2200,9081,1816200,11532.86
283210/283310G,G,210,310,156,31.2,25185,7715,2100,32731.7,6546340,41569.25
283210/283317XG,G,210,317.5,156,34.5,25185,7715,2100,N/A,N/A,N/A
284215X/284355XG,G,215.9,355.6,166,50,27625,9295,1900,N/A,N/A,N/A
284228X/284355XG,G,228.6,355.6,166,50,27625,9295,1900,N/A,N/A,N/A
244230/244327XG,G,230,327.025,122,23,18035,6460,1900,N/A,N/A,N/A
244230/244330G,G,230,330,122,26.84,18035,6460,1900,25816.73,5163346,32787.24
244234X/244327XG,G,234.95,327.025,122,20,18035,6460,1900,N/A,N/A,N/A
244234X/244330G,G,234.95,330,122,26.8,18035,6460,1900,25816.73,5163346,32787.24
284234X/284355XG,G,234.95,355.6,166,47.43,27625,9295,1900,N/A,N/A,N/A
382254X/382400XG,G,254,400.05,146,53.98,27625,7230,1700,N/A,N/A,N/A
320275/320406XG,G,275,406.4,176,65.94,39000,10400,1600,N/A,N/A,N/A
320280X/320406XG,G,280.194,406.4,176,63.18,39000,10400,1600,N/A,N/A,N/A
380330X/380482XG,G,330.2,482.6,200,104,53625,17140,1400,N/A,N/A,N/A
152338X/152419XG,G,338.138,419.1,94,30.4,12215,3815,1500,N/A,N/A,N/A
282355X/282482XG,G,355.6,482.6,145,57.3,27625,13240,1400,N/A,N/A,N/A
303381X/303508XG,G,381,508,187,79.2,41890,11340,1300,N/A,N/A,N/A
323406XS/323549XGS,G,406.4,549.275,200,96.8,46635,16950,1200,N/A,N/A,N/A
232431X/232533XG,G,431.8,533.4,123,44.7,24130,8365,1200,N/A,N/A,N/A
300457X/300596XG,G,457.2,596.9,187,94.3,47285,14950,1100,N/A,N/A,N/A
307506/307636G,G,506,636,187,115,49235,17060,1000,N/A,N/A,N/A
74025/74052H,H,25,52,43,0.48,850,210,13300,1342.3,268460,1704.71
70030/70062H,H,30,62,51,0.66,1250,345,11600,1446.69,289338,1837.3
80030/80066XH,H,30,66.675,52,0.8,1410,405,10400,N/A,N/A,N/A
80030/80068H,H,30,68,52,0.8,1410,405,10400,N/A,N/A,N/A
100031X/100072H,H,31.75,72,57,0.86,2045,545,9600,N/A,N/A,N/A
100031X/100076XH,H,31.75,76.2,57,0.86,2045,545,9600,N/A,N/A,N/A
100031X/100080H,H,31.75,80,57,0.86,2045,545,9600,N/A,N/A,N/A
80033X/80066XH,H,33.338,66.675,52,0.8,1410,405,10400,N/A,N/A,N/A
80033X/80068H,H,33.338,68,52,0.8,1410,405,10400,N/A,N/A,N/A
100034X/100072H,H,34.925,72,57,0.86,2045,545,9600,N/A,N/A,N/A
100034X/100076XH,H,34.925,76.2,57,0.86,2045,545,9600,N/A,N/A,N/A
100034X/100080H,H,34.925,80,57,0.86,2045,545,9600,N/A,N/A,N/A
80035/80066XH,H,35,66.675,52,0.74,1410,405,10400,N/A,N/A,N/A
100035/100072H,H,35,72,57,0.855,2045,545,9600,1433.4,286680,1820.41
100035/100076XH,H,35,76.2,57,0.86,2045,545,9600,N/A,N/A,N/A
100035/100080H,H,35,80,57,0.86,2045,545,9600,N/A,N/A,N/A
102036/102072H,H,36,72,42,0.595,1280,350,9600,N/A,N/A,N/A
101038X/101076H,H,38.1,76,57,0.865,2175,630,8800,N/A,N/A,N/A
101038X/101076XH,H,38.1,76.2,57,0.865,2175,630,8800,N/A,N/A,N/A
101038X/101080H,H,38.1,80,57,0.865,2175,630,8800,N/A,N/A,N/A
101040/101076H,H,40,76,57,0.865,2175,630,8800,1500.52,300104,1905.66
101040/101076XH,H,40,76.2,57,0.865,2175,630,8800,N/A,N/A,N/A
101041X/101076H,H,41.275,76,57,0.865,2175,630,8800,N/A,N/A,N/A
101041X/101076XH,H,41.275,76.2,57,0.865,2175,630,8800,N/A,N/A,N/A
101041X/101080H,H,41.275,80,57,0.865,2175,630,8800,N/A,N/A,N/A
307506/307636H,H,506,636,187,116,49325,17060,1000,N/A,N/A,N/A
380330X/380482XH,H,330.2,482.6,200,105,53625,17140,1400,N/A,N/A,N/A
323406XS/323549XHS,H,406.4,549.275,200,98.25,46635,16950,1200,N/A,N/A,N/A
300457X/300596XH,H,457.2,596.9,187,95,47285,14950,1100,N/A,N/A,N/A
303381X/303508XH,H,381,508,187,80,41890,11340,1300,N/A,N/A,N/A
320275/320406XH,H,275,406.4,176,67.6,39000,10400,1600,N/A,N/A,N/A
320280X/320406XH,H,280.194,406.4,176,64.84,39000,10400,1600,N/A,N/A,N/A
282355X/282482XH,H,355.6,482.6,145,58.7,27625,13240,1400,N/A,N/A,N/A
382254X/382400XH,H,254,400.05,146,55.5,27625,7230,1700,N/A,N/A,N/A
284215X/284355XH,H,215.9,355.6,166,51,27625,9295,1900,N/A,N/A,N/A
284228X/284355XH,H,228.6,355.6,166,51,27625,9295,1900,N/A,N/A,N/A
284234X/284355XH,H,234.95,355.6,166,48.43,27625,9295,1900,N/A,N/A,N/A
232431X/232533XH,H,431.8,533.4,123,45,24130,8365,1200,N/A,N/A,N/A
283203X/283317XH,H,203.2,317.5,156,36.3,25185,7715,2100,N/A,N/A,N/A
283210/283317XH,H,210,317.5,156,35.5,25185,7715,2100,N/A,N/A,N/A
283203X/283310H,H,203.2,310,156,32.8,25185,7715,2100,32731.7,6546340,41569.25
280177X/280288XH,H,177.8,288.925,154,32.6,23725,6580,2300,N/A,N/A,N/A
283210/283310H,H,210,310,156,32,25185,7715,2100,32731.7,6546340,41569.25
152338X/152419XH,H,338.138,419.1,94,30.9,12215,3815,1500,N/A,N/A,N/A
244230/244330H,H,230,330,122,27.35,18035,6460,1900,25816.73,5163346,32787.24
244234X/244330H,H,234.95,330,122,27,18035,6460,1900,25816.73,5163346,32787.24
281152X/281254XH,H,152.4,254,155,25.6,21450,5280,2600,N/A,N/A,N/A
281152X/281266XH,H,152.4,266.7,155,25.6,21450,5280,2600,N/A,N/A,N/A
281155X/281254XH,H,155.575,254,155,25.6,21450,5280,2600,N/A,N/A,N/A
281155X/281266XH,H,155.575,266.7,155,25.6,21450,5280,2600,N/A,N/A,N/A
244230/244327XH,H,230,327.025,122,23.2,18035,6460,1900,N/A,N/A,N/A
244234X/244327XH,H,234.95,327.025,122,21,18035,6460,1900,N/A,N/A,N/A
240139X/240241XH,H,139.7,241.3,126,20.485,16410,4060,2900,N/A,N/A,N/A
240149X/240241XH,H,149.225,241.3,126,20.485,16410,4060,2900,N/A,N/A,N/A
242190X/242282XH,H,190.5,282.575,120,20,15925,4645,2300,N/A,N/A,N/A
240145/240241XH,H,145,241.3,126,19.405,16410,4060,2900,N/A,N/A,N/A
206190X/206290H,H,190.5,290,114,17.3,15400,5360,2200,9081,1816200,11532.86
206210/206290H,H,210,290,114,17.3,15400,5360,2200,9081,1816200,11532.86
204190/204266XH,H,190,266.7,113.18,15.5,14685,4695,2400,N/A,N/A,N/A
204190X/204266XH,H,190.5,266.7,113.18,15.5,14685,4695,2400,N/A,N/A,N/A
186165X/186254XH,H,165.1,254,108,15,12170,4460,2600,N/A,N/A,N/A
186170/186254XH,H,170,254,108,15,12170,4460,2600,N/A,N/A,N/A
186177X/186254XH,H,177.8,254,108,15,12170,4460,2600,N/A,N/A,N/A
203145/203256H,H,145,256,110,14.87,13365,3605,2700,N/A,N/A,N/A
203156/203235H,H,156,235,110,14.87,13365,3605,2700,5335.31,1067062,6775.85
200127X/200215H,H,127,215,110,13.9,12065,2965,3100,N/A,N/A,N/A
200127X/200215XH,H,127,215.9,110,13.9,12065,2965,3100,N/A,N/A,N/A
200133X/200215H,H,133.35,215,110,13.9,12065,2965,3100,N/A,N/A,N/A
200136X/200215H,H,136.525,215,110,13.9,12065,2965,3100,N/A,N/A,N/A
200139X/200215H,H,139.7,215,110,13.9,12065,2965,3100,N/A,N/A,N/A
200139X/200215XH,H,139.7,215.9,110,13.9,12065,2965,3100,N/A,N/A,N/A
200133X/200215XH,H,133.35,215.9,110,12.85,12065,2965,3100,N/A,N/A,N/A
200136X/200215XH,H,136.525,215.9,110,12.33,12065,2965,3100,N/A,N/A,N/A
187185/187258H,H,185,258,110,12.3,12430,4760,2500,18216.94,3643388,23135.51
183152X/183222XH,H,152.4,222.25,105,11.15,11050,3575,3000,N/A,N/A,N/A
180100/180190H,H,100,190,100,11.12,9100,2240,3900,N/A,N/A,N/A
180101X/180190H,H,101.6,190,100,11.08,9100,2240,3900,N/A,N/A,N/A
180105/180190H,H,105,190,100,10.62,9100,2240,3900,N/A,N/A,N/A
181111X/181190XH,H,111.125,190.5,108,10.4,9425,2495,3600,N/A,N/A,N/A
163150/163210H,H,150,210,92,10.2,9260,3185,3000,16812.06,3362412,21351.32
181111X/181190H,H,111.125,190,108,10.1,9425,2495,3600,3874.44,774888,4920.54
161140/161200HS,H,140,200,92.3,10,9010,2940,3100,N/A,N/A,N/A
161140/161200XHS,H,140,200.025,92.3,10,9010,2940,3100,N/A,N/A,N/A
161142X/161200HS,H,142.875,200,92.3,10,9010,2940,3100,N/A,N/A,N/A
161142X/161200XHS,H,142.875,200.025,92.3,10,9010,2940,3100,N/A,N/A,N/A
181115/181190XH,H,115,190.5,108,9.9,9425,2495,3600,N/A,N/A,N/A
181115/181190H,H,115,190,108,9.6,9425,2495,3600,N/A,N/A,N/A
180100/180170H,H,100,170,100,9.52,9100,2240,3900,3150.2,630040,4000.76
180100/180180XH,H,100,180.975,100,9.52,9100,2240,3900,N/A,N/A,N/A
180101X/180170H,H,101.6,170,100,9.52,9100,2240,3900,2738.93,547786,3478.44
180101X/180180H,H,101.6,180,100,9.52,9100,2240,3900,3625.85,725170,4604.83
180101X/180180XH,H,101.6,180.975,100,9.52,9100,2240,3900,N/A,N/A,N/A
180105/180170H,H,105,170,100,9.52,9100,2240,3900,3150.2,630040,4000.76
180105/180180H,H,105,180,100,9.52,9100,2240,3900,N/A,N/A,N/A
181118/181190XH,H,118,190.5,108,9.48,9425,2495,3600,N/A,N/A,N/A
180100/180180H,H,100,180,100,9.42,9100,2240,3900,N/A,N/A,N/A
141101X/141165XH,H,101.6,165.1,87,9.4,6595,1990,3900,N/A,N/A,N/A
141107X/141165XHS,H,107.95,165.1,87,9.4,6595,1990,3900,N/A,N/A,N/A
164127X/164196XH,H,127,196.85,101.6,9.2,8770,2735,3400,N/A,N/A,N/A
164127X/164200XH,H,127,200.025,101.6,9.2,8770,2735,3400,N/A,N/A,N/A
164133X/164196XH,H,133.35,196.85,101.6,9.2,8770,2735,3400,N/A,N/A,N/A
164133X/164200XH,H,133.35,200.025,101.6,9.2,8770,2735,3400,N/A,N/A,N/A
181118/181190H,H,118,190,108,9.18,9425,2495,3600,N/A,N/A,N/A
180105/180180XH,H,105,180.975,100,9.06,9100,2240,3900,N/A,N/A,N/A
184120/184190H,H,120,190,108,8.8,9750,2695,3500,3754.6,750920,4768.34
184120/184190XH,H,120,190.5,108,8.8,9750,2695,3500,N/A,N/A,N/A
184120/184199H,H,120,199,108,8.8,9750,2695,3500,N/A,N/A,N/A
184120/184200H,H,120,200,108,8.8,9750,2695,3500,N/A,N/A,N/A
181111X/181180XH,H,111.125,180.975,108,8.6,9425,2495,3600,N/A,N/A,N/A
181111X/181200XH,H,111.125,200.025,108,8.6,9425,2495,3600,N/A,N/A,N/A
181115/181200XH,H,115,200.025,108,8.6,9425,2495,3600,N/A,N/A,N/A
181118/181200XH,H,118,200.025,108,8.6,9425,2495,3600,N/A,N/A,N/A
210085/210170H,H,85,170,106,8.545,10640,2630,4200,3743.01,748602,4753.63
210090/210170H,H,90,170,106,8.545,10640,2630,4200,N/A,N/A,N/A
210095/210170H,H,95,170,106,8.545,10640,2630,4200,3694.68,738936,4692.25
164133X/164196XHS,H,133.35,196.85,92.6,8.5,8770,2735,3400,N/A,N/A,N/A
181115/181180XH,H,115,180.975,108,8.1,9425,2495,3600,N/A,N/A,N/A
181118/181180XH,H,118,180.975,108,7.68,9425,2495,3600,N/A,N/A,N/A
115177X/115227XH,H,177.8,227.013,75,6.15,6825,1770,2700,N/A,N/A,N/A
160090/160152XH,H,90,152.4,92,5.15,7275,1785,4300,N/A,N/A,N/A
160090/160158XH,H,90,158.75,92,5.15,7275,1785,4300,N/A,N/A,N/A
160090/160160H,H,90,160,92,5.15,7275,1785,4300,N/A,N/A,N/A
160090/160161XH,H,90,161.925,92,5.15,7275,1785,4300,N/A,N/A,N/A
160098X/160152XH,H,98.425,152.4,92,5.15,7275,1785,4300,N/A,N/A,N/A
160098X/160158XH,H,98.425,158.75,92,5.15,7275,1785,4300,N/A,N/A,N/A
160098X/160160H,H,98.425,160,92,5.15,7275,1785,4300,N/A,N/A,N/A
160098X/160161XH,H,98.425,161.925,92,5.15,7275,1785,4300,N/A,N/A,N/A
131090/131150H,H,90,150,75,4.745,5115,1630,4400,N/A,N/A,N/A
131090/131152XH,H,90,152.4,75,4.745,5115,1630,4400,N/A,N/A,N/A
131090/131158XH,H,90,158.75,75,4.745,5115,1630,4400,N/A,N/A,N/A
131092X/131150H,H,92.075,150,75,4.745,5115,1630,4400,N/A,N/A,N/A
131092X/131152XH,H,92.075,152.4,75,4.745,5115,1630,4400,N/A,N/A,N/A
131092X/131158XH,H,92.075,158.75,75,4.745,5115,1630,4400,N/A,N/A,N/A
131093X/131150H,H,93.663,150,75,4.745,5115,1630,4400,N/A,N/A,N/A
131093X/131152XH,H,93.663,152.4,75,4.745,5115,1630,4400,N/A,N/A,N/A
131093X/131158XH,H,93.663,158.75,75,4.745,5115,1630,4400,N/A,N/A,N/A
131095/131150H,H,95,150,75,4.745,5115,1630,4400,N/A,N/A,N/A
131095/131158XH,H,95,158.75,75,4.745,5115,1630,4400,N/A,N/A,N/A
131097/131150H,H,97,150,75,4.745,5115,1630,4400,N/A,N/A,N/A
131097/131158XH,H,97,158.75,75,4.745,5115,1630,4400,N/A,N/A,N/A
131095/131152XH,H,95,152.4,75,4.625,5115,1630,4400,N/A,N/A,N/A
140080/140140H,H,80,140,85,4.545,5685,1410,4900,2219.7,443940,2819.03
131097/131152XH,H,97,152.4,75,4.465,5115,1630,4400,N/A,N/A,N/A
140082X/140140H,H,82.55,140,85,4.345,5685,1410,4900,2212.65,442530,2810.07
140085/140140H,H,85,140,85,4.145,5685,1410,4900,2191.94,438388,2783.76
117090/117133XH,H,90,133.35,76,4,4275,1315,4800,N/A,N/A,N/A
105115/105165H,H,115,165,65,3.45,4920,1205,3900,N/A,N/A,N/A
105120/105165H,H,120,165,65,3.45,4920,1205,3900,3232.47,646494,4105.23
133075/133127H,H,75,127,73,3.3,4645,1260,5300,N/A,N/A,N/A
133075/133130H,H,75,130,73,3.3,4645,1260,5300,2171.37,434274,2757.63
133075/133133XH,H,75,133.35,73,3.3,4645,1260,5300,N/A,N/A,N/A
133075/133136XH,H,75,136.525,73,3.3,4645,1260,5300,N/A,N/A,N/A
133076X/133127H,H,76.2,127,73,3.3,4645,1260,5300,N/A,N/A,N/A
133076X/133130H,H,76.2,130,73,3.3,4645,1260,5300,N/A,N/A,N/A
133076X/133133XH,H,76.2,133.35,73,3.3,4645,1260,5300,N/A,N/A,N/A
133076X/133136XH,H,76.2,136.525,73,3.3,4645,1260,5300,N/A,N/A,N/A
130060/130120H,H,60,120,71,2.96,4290,1100,5700,N/A,N/A,N/A
130060/130127H,H,60,127,71,2.96,4290,1100,5700,N/A,N/A,N/A
130063X/130120H,H,63.5,120,71,2.96,4290,1100,5700,N/A,N/A,N/A
130063X/130127H,H,63.5,127,71,2.96,4290,1100,5700,N/A,N/A,N/A
130065/130120H,H,65,120,71,2.96,4290,1100,5700,2074.92,414984,2635.15
130065/130127H,H,65,127,71,2.96,4290,1100,5700,N/A,N/A,N/A
130069X/130127H,H,69.85,127,71,2.96,4290,1100,5700,N/A,N/A,N/A
130070/130127H,H,70,127,71,2.96,4290,1100,5700,N/A,N/A,N/A
135069X/135120H,H,69.85,120,89,2.79,5550,1405,5700,2135.29,427058,2711.82
130069X/130120H,H,69.85,120,71,2.71,4290,1100,5700,2033.48,406696,2582.53
130070/130120H,H,70,120,71,2.7,4290,1100,5700,2040.25,408050,2591.12
120057X/120110H,H,57.15,110,73,2.47,3815,950,6200,N/A,N/A,N/A
120057X/120112XH,H,57.15,112.712,73,2.47,3815,950,6200,N/A,N/A,N/A
120060/120110H,H,60,110,73,2.47,3815,950,6200,1806.06,361212,2293.69
120060/120112XH,H,60,112.712,73,2.47,3815,950,6200,N/A,N/A,N/A
126084X/126133XH,H,84.138,133.35,74,2.4,4650,1425,4900,N/A,N/A,N/A
126084X/126136XH,H,84.138,136.525,74,2.4,4650,1425,4900,N/A,N/A,N/A
126085X/126133XH,H,85.725,133.35,74,2.4,4650,1425,4900,N/A,N/A,N/A
126085X/126136XH,H,85.725,136.525,74,2.4,4650,1425,4900,N/A,N/A,N/A
126088X/126133XH,H,88.9,133.35,74,2.4,4650,1425,4900,N/A,N/A,N/A
126088X/126136XH,H,88.9,136.525,74,2.4,4650,1425,4900,N/A,N/A,N/A
123073X/123120H,H,73.025,120,64,2.35,3520,980,5500,N/A,N/A,N/A
123073X/123120XH,H,73.025,120.65,64,2.35,3520,980,5500,N/A,N/A,N/A
123073X/123121XH,H,73.025,121.444,64,2.35,3520,980,5500,N/A,N/A,N/A
123073X/123123XH,H,73.025,123.825,64,2.35,3520,980,5500,N/A,N/A,N/A
120063X/120110H,H,63.5,110,73,2.29,3815,950,6200,1792.18,358436,2276.07
123075/123120H,H,75,120,64,2.25,3520,980,5500,N/A,N/A,N/A
123075/123120XH,H,75,120.65,64,2.25,3520,980,5500,N/A,N/A,N/A
123075/123121XH,H,75,121.444,64,2.25,3520,980,5500,N/A,N/A,N/A
123075/123123XH,H,75,123.825,64,2.25,3520,980,5500,N/A,N/A,N/A
123076X/123120H,H,76.2,120,64,2.25,3520,980,5500,N/A,N/A,N/A
123076X/123120XH,H,76.2,120.65,64,2.25,3520,980,5500,N/A,N/A,N/A
123076X/123123XH,H,76.2,123.825,64,2.25,3520,980,5500,N/A,N/A,N/A
123077X/123120H,H,77.788,120,64,2.25,3520,980,5500,N/A,N/A,N/A
123077X/123120XH,H,77.788,120.65,64,2.25,3520,980,5500,N/A,N/A,N/A
123077X/123121XH,H,77.788,121.444,64,2.25,3520,980,5500,N/A,N/A,N/A
123077X/123123XH,H,77.788,123.825,64,2.25,3520,980,5500,N/A,N/A,N/A
126080X/126133XH,H,80.962,133.35,74,2.25,4650,1425,4900,N/A,N/A,N/A
126082X/126133XH,H,82.55,133.35,74,2.25,4650,1425,4900,N/A,N/A,N/A
126082X/126136XH,H,82.55,136.525,74,2.25,4650,1425,4900,N/A,N/A,N/A
124069X/124112XH,H,69.85,112.712,73,2.085,3980,1045,5800,N/A,N/A,N/A
124070/124112XH,H,70,112.712,73,2.085,3980,1045,5800,N/A,N/A,N/A
110050/110096XH,H,50,96.838,65,2.005,3070,990,6900,N/A,N/A,N/A
110050/110098XH,H,50,98.425,65,2.005,3070,990,6900,N/A,N/A,N/A
110050/110100H,H,50,100,65,2.005,3070,990,6900,1812.89,362578,2302.37
110050X/110096XH,H,50.8,96.838,65,2.005,3070,990,6900,N/A,N/A,N/A
110050X/110098XH,H,50.8,98.425,65,2.005,3070,990,6900,N/A,N/A,N/A
110050X/110100H,H,50.8,100,65,2.005,3070,990,6900,N/A,N/A,N/A
110053X/110096XH,H,53.975,96.838,65,2.005,3070,990,6900,N/A,N/A,N/A
110053X/110098XH,H,53.975,98.425,65,2.005,3070,990,6900,N/A,N/A,N/A
110053X/110100H,H,53.975,100,65,2.005,3070,990,6900,N/A,N/A,N/A
110055/110096XH,H,55,96.838,65,2.005,3070,990,6900,N/A,N/A,N/A
110055/110098XH,H,55,98.425,65,2.005,3070,990,6900,N/A,N/A,N/A
110057X/110096XH,H,57.15,96.838,65,2.005,3070,990,6900,N/A,N/A,N/A
110057X/110098XH,H,57.15,96.838,65,2.005,3070,990,6900,N/A,N/A,N/A
110057X/110100H,H,57.15,100,65,2.005,3070,990,6900,N/A,N/A,N/A
113057X/113100H,H,57.15,100,58,1.9,3085,1020,6600,N/A,N/A,N/A
113057X/113101XH,H,57.15,101.6,58,1.9,3085,1020,6600,N/A,N/A,N/A
113060/113100H,H,60,100,58,1.9,3085,1020,6600,1743.84,348768,2214.67
113060/113101XH,H,60,101.6,58,1.9,3085,1020,6600,N/A,N/A,N/A
113060X/113100H,H,60.325,100,58,1.9,3085,1020,6600,N/A,N/A,N/A
113060X/113101XH,H,60.325,101.6,58,1.9,3085,1020,6600,N/A,N/A,N/A
110055/110100H,H,55,100,65,1.825,3070,990,6900,1771.68,354336,2250.04
111044X/111090H,H,44.45,90,64,1.38,2805,830,7400,N/A,N/A,N/A
111044X/111093XH,H,44.45,93.266,64,1.38,2805,830,7400,N/A,N/A,N/A
111050/111090H,H,50,90,64,1.38,2805,830,7400,1606.18,321236,2039.84
111050/111093XH,H,50,93.266,64,1.38,2805,830,7400,N/A,N/A,N/A
111050X/111090H,H,50.8,90,64,1.38,2805,830,7400,N/A,N/A,N/A
119044X/119085H,H,44.45,85,62,1.19,2680,730,8200,N/A,N/A,N/A
119044X/119088XH,H,44.45,88.9,62,1.19,2680,730,8200,N/A,N/A,N/A
119045/119085H,H,45,85,62,1.19,2680,730,8200,1594.75,318950,2025.33
119045/119088XH,H,45,88.9,62,1.19,2680,730,8200,N/A,N/A,N/A
112040/112085H,H,40,85,55,1.13,2190,600,8200,1520.86,304172,1931.49
112041X/112085H,H,41.275,85,55,1.11,2190,600,8200,N/A,N/A,N/A
112044X/112085H,H,44.45,85,55,1.11,2190,600,8200,N/A,N/A,N/A
112045/112085H,H,45,85,55,1.11,2190,600,8200,1507.43,301486,1914.44
101040/101080H,H,40,80,57,1.07,2175,630,8800,1487,297400,1888.49
112040/112085P,P,40,85,51.83,1.025,7.71,185,,989.16,197832,1256.23
112041X/112085P,P,41.275,85,51.83,1.03,7.71,185,,N/A,N/A,N/A
112044X/112085P,P,44.45,85,51.83,1.03,7.71,185,,N/A,N/A,N/A
119044X/119085P,P,44.45,85,58.83,1.07,9.37,225,,N/A,N/A,N/A
119044X/119088XP,P,44.45,88.9,58.83,1.07,9.37,225,,N/A,N/A,N/A
119045/119085P,P,45,85,58.83,1.07,9.37,225,,1052.65,210530,1336.86
119045/119088XP,P,45,88.9,58.83,1.07,9.37,225,,N/A,N/A,N/A
111044X/111090P,P,44.45,90,57.65,1.17,10.83,260,,N/A,N/A,N/A
111044X/111093XP,P,44.45,93.266,57.65,1.17,10.83,260,,N/A,N/A,N/A
111050/111090P,P,50,90,57.65,1.17,10.83,260,,1020.2,204040,1295.65
111050/111093XP,P,50,93.266,57.65,1.17,10.83,260,,N/A,N/A,N/A
111050X/111090P,P,50.8,90,57.65,1.17,10.83,260,,N/A,N/A,N/A
113057X/113100P,P,57.15,100,52.44,1.38,13.12,315,,N/A,N/A,N/A
113057X/113101XP,P,57.15,101.6,52.44,1.38,13.12,315,,N/A,N/A,N/A
113060/113100P,P,60,100,52.44,1.38,13.12,315,,1061.63,212326,1348.27
113060/113101XP,P,60,101.6,52.44,1.38,13.12,315,,N/A,N/A,N/A
113060X/113100P,P,60.325,100,52.44,1.38,13.12,315,,N/A,N/A,N/A
113060X/113101XP,P,60.325,101.6,52.44,1.38,13.12,315,,N/A,N/A,N/A
110055/110100P,P,55,100,59.5,1.54,12.92,310,,1199.51,239902,1523.37
110050/110096XP,P,50,96.838,59.5,1.63,12.92,310,,N/A,N/A,N/A
110050/110098XP,P,50,98.425,59.5,1.63,12.92,310,,N/A,N/A,N/A
110050/110100P,P,50,100,59.5,1.63,12.92,310,,1220,244000,1549.39
110050X/110096XP,P,50.8,96.838,59.5,1.63,12.92,310,,N/A,N/A,N/A
110050X/110098XP,P,50.8,98.425,59.5,1.63,12.92,310,,N/A,N/A,N/A
110050X/110100P,P,50.8,100,59.5,1.63,12.92,310,,N/A,N/A,N/A
110053X/110096XP,P,53.975,96.838,59.5,1.63,12.92,310,,N/A,N/A,N/A
110053X/110098XP,P,53.975,98.425,59.5,1.63,12.92,310,,N/A,N/A,N/A
110053X/110100P,P,53.975,100,59.5,1.63,12.92,310,,N/A,N/A,N/A
110055/110096XP,P,55,96.838,59.5,1.63,12.92,310,,N/A,N/A,N/A
110055/110098XP,P,55,98.425,59.5,1.63,12.92,310,,N/A,N/A,N/A
110057X/110096XP,P,57.15,96.838,59.5,1.63,12.92,310,,N/A,N/A,N/A
110057X/110098XP,P,57.15,98.425,59.5,1.63,12.92,310,,N/A,N/A,N/A
110057X/110100P,P,57.15,100,59.5,1.63,12.92,310,,N/A,N/A,N/A
124069X/124112XP,P,69.85,112.712,66.65,1.83,13.54,325,,N/A,N/A,N/A
124070/124112XP,P,70,112.712,66.65,1.83,13.54,325,,N/A,N/A,N/A
120063X/120110P,P,63.5,110,66.65,1.94,12.29,295,,1054.65,210930,1339.4
120057X/120110P,P,57.15,110,66.65,2.03,12.29,295,,N/A,N/A,N/A
120057X/120112XP,P,57.15,112.712,66.65,2.03,12.29,295,,N/A,N/A,N/A
120060/120110P,P,60,110,66.65,2.03,12.29,295,,1061.63,212326,1348.27
120060/120112XP,P,60,112.712,66.65,2.03,12.29,295,,N/A,N/A,N/A
130069X/130120P,P,69.85,120,65.44,2.32,14.17,340,,1385.66,277132,1759.79
130070/130120P,P,70,120,65.44,2.32,14.17,340,,1385.66,277132,1759.79
130060/130120P,P,60,120,65.44,2.45,14.17,340,,N/A,N/A,N/A
130060/130127P,P,60,127,65.44,2.45,14.17,340,,N/A,N/A,N/A
130063X/130120P,P,63.5,120,65.44,2.45,14.17,340,,N/A,N/A,N/A
130063X/130127P,P,63.5,127,65.44,2.45,14.17,340,,N/A,N/A,N/A
130065/130120P,P,65,120,65.44,2.45,14.17,340,,1406.22,281244,1785.89
130065/130127P,P,65,127,65.44,2.45,14.17,340,,N/A,N/A,N/A
130069X/130127P,P,69.85,127,65.44,2.45,14.17,340,,N/A,N/A,N/A
130070/130127P,P,70,127,65.44,2.45,14.17,340,,N/A,N/A,N/A
133075/133127P,P,75,127,66.75,2.79,16.25,390,,N/A,N/A,N/A
133075/133130P,P,75,130,66.75,2.79,16.25,390,,1351.13,270226,1715.93
133075/133133XP,P,75,133.35,66.75,2.79,16.25,390,,N/A,N/A,N/A
133075/133136XP,P,75,136.525,66.75,2.79,16.25,390,,N/A,N/A,N/A
133076X/133127P,P,76.2,127,66.75,2.79,16.25,390,,N/A,N/A,N/A
133076X/133130P,P,76.2,130,66.75,2.79,16.25,390,,N/A,N/A,N/A
133076X/133133XP,P,76.2,133.35,66.75,2.79,16.25,390,,N/A,N/A,N/A
133076X/133136XP,P,76.2,136.525,66.75,2.79,16.25,390,,N/A,N/A,N/A
117090/117133XP,P,90,133.35,68.06,2.82,16.87,405,,N/A,N/A,N/A
105115/105165P,P,115,165,60,2.85,15.62,375,,N/A,N/A,N/A
105120/105165P,P,120,165,60,2.85,15.62,375,,1912.54,382508,2428.92
109127X/109175P,P,127,175,60,2.85,15.62,375,,N/A,N/A,N/A
135069X/135120P,P,69.85,120,81.06,3.05,18.12,435,,1454.93,290986,1847.76
140085/140140P,P,85,140,77.07,3.58,18.12,435,,1440.67,288134,1829.65
131097/131152XP,P,97,152.4,68.5,3.66,21.04,505,,N/A,N/A,N/A
140082X/140140P,P,82.55,140,77.07,3.68,18.12,435,,1447.58,289516,1838.42
131095/131152XP,P,95,152.4,68.5,3.74,21.04,505,,N/A,N/A,N/A
140080/140140P,P,80,140,77.07,3.78,18.12,435,,1918.7,383740,2436.74
131090/131150P,P,90,150,68.5,3.8,21.04,505,,N/A,N/A,N/A
131090/131152XP,P,90,152.4,68.5,3.8,21.04,505,,N/A,N/A,N/A
131090/131158XP,P,90,158.75,68.5,3.8,21.04,505,,N/A,N/A,N/A
131092X/131150P,P,92.075,150,68.5,3.8,21.04,505,,N/A,N/A,N/A
131092X/131152XP,P,92.075,152.4,68.5,3.8,21.04,505,,N/A,N/A,N/A
131092X/131158XP,P,92.075,158.75,68.5,3.8,21.04,505,,N/A,N/A,N/A
131093X/131150P,P,93.663,150,68.5,3.8,21.04,505,,N/A,N/A,N/A
131093X/131152XP,P,93.663,152.4,68.5,3.8,21.04,505,,N/A,N/A,N/A
131093X/131158XP,P,93.663,158.75,68.5,3.8,21.04,505,,N/A,N/A,N/A
131095/131150P,P,95,150,68.5,3.8,21.04,505,,N/A,N/A,N/A
131095/131158XP,P,95,158.75,68.5,3.8,21.04,505,,N/A,N/A,N/A
131097/131150P,P,97,150,68.5,3.8,21.04,505,,N/A,N/A,N/A
131097/131158XP,P,97,158.75,68.5,3.8,21.04,505,,N/A,N/A,N/A
160090/160152XP,P,90,152.4,83.9,4.3,22.92,550,,N/A,N/A,N/A
160090/160158XP,P,90,158.75,83.9,4.3,22.92,550,,N/A,N/A,N/A
160090/160160P,P,90,160,83.9,4.3,22.92,550,,N/A,N/A,N/A
160090/160161XP,P,90,161.925,83.9,4.3,22.92,550,,N/A,N/A,N/A
160098X/160152XP,P,98.425,152.4,83.9,4.3,22.92,550,,N/A,N/A,N/A
160098X/160158XP,P,98.425,158.75,83.9,4.3,22.92,550,,N/A,N/A,N/A
160098X/160160P,P,98.425,160,83.9,4.3,22.92,550,,N/A,N/A,N/A
160098X/160161XP,P,98.425,161.925,83.9,4.3,22.92,550,,N/A,N/A,N/A
160095/160152XP,P,95,152.4,83.9,4.5,22.92,550,,N/A,N/A,N/A
115177X/115227XP,P,177.8,227.013,69.24,5.07,22.71,545,,N/A,N/A,N/A
141101X/141165XP,P,101.6,165.1,73.03,5.68,25.5,612,,N/A,N/A,N/A
141107X/141165XP,P,107.95,165.1,73.03,5.68,25.5,612,,N/A,N/A,N/A
161140/161200P,P,140,200,80.15,6.38,37.72,905,,4908.52,981704,6233.82
161140/161200XP,P,140,200.025,80.15,6.38,37.72,905,,N/A,N/A,N/A
161142X/161200P,P,142.875,200,80.15,6.38,37.72,905,,N/A,N/A,N/A
161142X/161200XP,P,142.875,200.025,80.15,6.38,37.72,905,,N/A,N/A,N/A
181118/181180XP,P,118,180.975,95.3,6.57,32.08,770,,N/A,N/A,N/A
181115/181180XP,P,115,180.975,95.3,6.78,32.08,770,,N/A,N/A,N/A
181111X/181180XP,P,111.125,180.975,95.3,7.03,32.08,770,,N/A,N/A,N/A
210085/210170P,P,85,170,97.5,7.34,33.75,810,,2123.03,424606,2696.25
210090/210170P,P,90,170,97.5,7.34,33.75,810,,2075,415000,2635.25
210095/210170P,P,95,170,97.5,7.34,33.75,810,,2074.92,414984,2635.15
164127X/164196XP,P,127,196.85,93.67,7.42,35.21,845,,N/A,N/A,N/A
164127X/164200XP,P,127,200.025,93.67,7.42,35.21,845,,N/A,N/A,N/A
164133X/164196XP,P,133.35,196.85,93.67,7.42,35.21,845,,N/A,N/A,N/A
164133X/164200XP,P,133.35,200.025,93.67,7.42,35.21,845,,N/A,N/A,N/A
184120/184190P,P,120,190,95.3,7.45,34.58,830,,2209.01,441802,2805.44
184120/184190XP,P,120,190.5,95.3,7.45,34.58,830,,N/A,N/A,N/A
184120/184199P,P,120,199,95.3,7.45,34.58,830,,N/A,N/A,N/A
184120/184200P,P,120,200,95.3,7.45,34.58,830,,N/A,N/A,N/A
180105/180180XP,P,105,180.975,92,7.58,28.75,690,,N/A,N/A,N/A
180100/180170P,P,100,170,92,7.67,28.75,690,,1738.04,347608,2207.32
180100/180180P,P,100,180,92,7.67,28.75,690,,N/A,N/A,N/A
180100/180180XP,P,100,180.975,92,7.67,28.75,690,,N/A,N/A,N/A
180101X/180170P,P,101.6,170,92,7.67,28.75,690,,1738.04,347608,2207.32
180101X/180180P,P,101.6,180,92,7.67,28.75,690,,1978.39,395678,2512.57
180105/180170P,P,105,170,92,7.67,28.75,690,,1964.51,392902,2494.93
180105/180180P,P,105,180,92,7.67,28.75,690,,N/A,N/A,N/A
180101X/180180XP,P,101.6,180.975,92,7.81,28.75,690,,N/A,N/A,N/A
181118/181190P,P,118,190,95.3,8.13,32.08,770,,N/A,N/A,N/A
181118/181190XP,P,118,190.5,95.3,8.23,32.08,770,,N/A,N/A,N/A
181115/181190P,P,115,190,95.3,8.43,32.08,770,,N/A,N/A,N/A
181115/181190XP,P,115,190.5,95.3,8.53,32.08,770,,N/A,N/A,N/A
181111X/181190P,P,111.125,190,95.3,8.68,32.08,770,,2660.53,532106,3378.87
181111X/181200XP,P,111.125,200.025,95.3,8.68,32.08,770,,N/A,N/A,N/A
181115/181200XP,P,115,200.025,95.3,8.68,32.08,770,,N/A,N/A,N/A
181118/181200XP,P,118,200.025,95.3,8.68,32.08,770,,N/A,N/A,N/A
181111X/181190XP,P,111.125,190.5,95.3,8.78,32.08,770,,N/A,N/A,N/A
183152X/183222XP,P,152.4,222.25,93.1,9.08,45.83,1100,,N/A,N/A,N/A
163150/163210P,P,150,210,84,9.1,40.83,980,,10199.65,2039930,12953.56
180105/180190P,P,105,190,92,9.38,28.75,690,,N/A,N/A,N/A
180101X/180190P,P,101.6,190,92,9.56,28.75,690,,N/A,N/A,N/A
180100/180190P,P,100,190,92,9.58,28.75,690,,N/A,N/A,N/A
200136X/200215XP,P,136.525,215.9,101,10.25,38.12,915,,N/A,N/A,N/A
200133X/200215XP,P,133.35,215.9,101,10.55,38.12,915,,N/A,N/A,N/A
200127X/200215P,P,127,215,101,11.05,38.12,915,,N/A,N/A,N/A
200127X/200215XP,P,127,215.9,101,11.05,38.12,915,,N/A,N/A,N/A
200133X/200215P,P,133.35,215,101,11.05,38.12,915,,N/A,N/A,N/A
200136X/200215P,P,136.525,215,101,11.05,38.12,915,,N/A,N/A,N/A
200139X/200215P,P,139.7,215,101,11.05,38.12,915,,N/A,N/A,N/A
200139X/200215XP,P,139.7,215.9,101,11.05,38.12,915,,N/A,N/A,N/A
203145/203256P,P,145,256,101,11.83,46.25,1110,,N/A,N/A,N/A
203156/203235P,P,156,235,101,11.83,46.25,1110,,3048.63,609726,3871.76
187185/187258P,P,185,258,100,12,46.25,1110,,13591.24,2718248,17260.87
186165X/186254XP,P,165.1,254,98.48,12.7,57.29,1375,,N/A,N/A,N/A
186170/186254XP,P,170,254,98.48,12.7,57.29,1375,,N/A,N/A,N/A
186177X/186254XP,P,177.8,254,98.48,12.7,57.29,1375,,N/A,N/A,N/A
206210/206290P,P,210,290,105,13.1,50.9,1221,,5428.64,1085728,6894.38
242190X/242282XP,P,190.5,282.575,105.71,14.1,57.29,1375,,N/A,N/A,N/A
206190X/206290P,P,190.5,290,105,14.2,50.9,1221,,5428.64,1085728,6894.38
240145/240241XP,P,145,241.3,115,17.15,52.08,1250,,N/A,N/A,N/A
240149X/240241XP,P,149.225,241.3,115,17.15,52.08,1250,,N/A,N/A,N/A
240139X/240241XP,P,139.7,241.3,115,17.7,52.08,1250,,N/A,N/A,N/A
281152X/281254XP,P,152.4,254,135.95,21.72,67.71,1625,,N/A,N/A,N/A
281152X/281266XP,P,152.4,266.7,135.95,21.72,67.71,1625,,N/A,N/A,N/A
281155X/281254XP,P,155.575,254,135.95,21.72,67.71,1625,,N/A,N/A,N/A
281155X/281266XP,P,155.575,266.7,135.95,21.72,67.71,1625,,N/A,N/A,N/A
280177X/280288XP,P,177.8,288.925,138.12,27.2,84.37,2025,,N/A,N/A,N/A
74025/74052P,P,25,52,39.75,0.34,2.71,65,,1036.39,207278,1316.22
70030/70062P,P,30,62,46.75,0.535,4.46,107,,713.69,142738,906.39
80035/80066XP,P,35,66.675,47.24,0.6,5.17,124,,N/A,N/A,N/A
80030/80066XP,P,30,66.675,47.24,0.63,5.17,124,,N/A,N/A,N/A
80030/80068P,P,30,68,47.24,0.63,5.17,124,,N/A,N/A,N/A
80033X/80066XP,P,33.338,66.675,47.24,0.63,5.17,124,,N/A,N/A,N/A
80033X/80068P,P,33.338,68,47.24,0.63,5.17,124,,N/A,N/A,N/A
80035/80068P,P,35,68,47.24,0.63,5.17,124,,N/A,N/A,N/A
100031X/100072P,P,31.75,72,51.75,0.75,7.08,170,,N/A,N/A,N/A
100031X/100076XP,P,31.75,76.2,51.75,0.75,7.08,170,,N/A,N/A,N/A
100031X/100080P,P,31.75,80,51.75,0.75,7.08,170,,N/A,N/A,N/A
100034X/100072P,P,34.925,72,51.75,0.75,7.08,170,,N/A,N/A,N/A
100034X/100076XP,P,34.925,76.2,51.75,0.75,7.08,170,,N/A,N/A,N/A
100034X/100080P,P,34.925,80,51.75,0.75,7.08,170,,N/A,N/A,N/A
100035/100072P,P,35,72,51.75,0.75,7.08,170,,1056.51,211302,1341.76
100035/100076XP,P,35,76.2,51.75,0.75,7.08,170,,N/A,N/A,N/A
100035/100080P,P,35,80,51.75,0.75,7.08,170,,N/A,N/A,N/A
101040/101080P,P,40,80,51.25,0.915,8.12,195,,881.57,176314,1119.6
101038X/101076P,P,38.1,76,51.25,0.92,8.12,195,,N/A,N/A,N/A
101038X/101076XP,P,38.1,76.2,51.25,0.92,8.12,195,,N/A,N/A,N/A
101038X/101080P,P,38.1,80,51.25,0.92,8.12,195,,N/A,N/A,N/A
101040/101076XP,P,40,76.2,51.25,0.92,8.12,195,,N/A,N/A,N/A
101041X/101076P,P,41.275,76,51.25,0.92,8.12,195,,N/A,N/A,N/A
101041X/101076XP,P,41.275,76.2,51.25,0.92,8.12,195,,N/A,N/A,N/A
101041X/101080P,P,41.275,80,51.25,0.92,8.12,195,,N/A,N/A,N/A
112045/112085P,P,45,85,51.83,0.965,7.71,185,,982.48,196496,1247.74
244230/244327XP,P,230,327.025,106.12,21,57.29,1375,,N/A,N/A,N/A
244230X/244330P,P,230,330,106.12,21,57.29,1375,,N/A,N/A,N/A
244234X/244327XP,P,234.95,327.025,106.12,21,57.29,1375,,N/A,N/A,N/A
244234X/244330P,P,234.95,330,106.12,21,57.29,1375,,12966.13,2593226,16466.99
283203X/283310P,P,203.2,310,138.54,25,88.85,2132,,16439.4,3287880,20878.04
283203X/283317XP,P,203.2,317.5,138.54,25,88.85,2132,,N/A,N/A,N/A
283210/283310P,P,210,310,138.54,25,88.85,2132,,16439.4,3287880,20878.04
283210/283317XP,P,210,317.5,138.54,25,88.85,2132,,N/A,N/A,N/A
382260/382385P,P,260,385,130.12,32,84.37,2025,,38125.45,7625090,48419.33
